date,P,T,ET,ONI,Q_obs
2010-01-01,4.21,13.39,2.05,1.67,3.56
2010-01-02,6.12,13.74,1.78,1.67,5.51
2010-01-03,1.03,15.52,2.66,1.67,2.7
2010-01-04,4.02,16.33,2.1,1.67,4.87
2010-01-05,1.07,15.77,2.38,1.67,1.89
2010-01-06,1.55,16.22,2.29,1.67,3.98
2010-01-07,2.8,15.68,2.17,1.67,2.73
2010-01-08,2.25,15.47,2.32,1.67,2.66
2010-01-09,5.28,14.69,2.66,1.67,4.44
2010-01-10,4.0,16.3,2.99,1.67,4.08
2010-01-11,15.74,16.59,2.96,1.67,8.19
2010-01-12,4.32,15.31,2.53,1.67,4.83
2010-01-13,1.13,15.28,2.29,1.67,2.78
2010-01-14,3.83,17.37,1.76,1.67,4.0
2010-01-15,1.47,15.46,2.57,1.67,2.96
2010-01-16,1.93,15.61,1.53,1.67,3.11
2010-01-17,1.12,16.14,1.75,1.67,1.98
2010-01-18,1.27,15.47,2.36,1.67,2.76
2010-01-19,1.83,14.64,2.4,1.67,2.82
2010-01-20,3.36,16.11,2.34,1.67,3.95
2010-01-21,5.46,15.64,3.06,1.67,3.42
2010-01-22,1.69,17.94,2.98,1.67,2.34
2010-01-23,3.21,16.71,2.51,1.67,3.85
2010-01-24,4.54,15.08,2.92,1.67,3.8
2010-01-25,3.45,16.7,3.23,1.67,3.46
2010-01-26,1.96,16.23,2.74,1.67,2.9
2010-01-27,1.21,17.47,2.41,1.67,2.59
2010-01-28,3.13,15.3,2.18,1.67,3.97
2010-01-29,2.45,16.19,1.95,1.67,2.87
2010-01-30,2.88,15.88,2.47,1.67,2.35
2010-01-31,2.43,16.1,2.1,1.67,3.05
2010-02-01,1.18,15.01,2.22,1.74,1.9
2010-02-02,1.37,16.79,2.72,1.74,2.02
2010-02-03,6.15,16.64,1.8,1.74,4.19
2010-02-04,1.22,17.71,2.25,1.74,1.73
2010-02-05,1.56,16.19,2.33,1.74,1.92
2010-02-06,2.49,15.75,2.44,1.74,2.68
2010-02-07,3.2,17.22,2.49,1.74,2.4
2010-02-08,5.21,15.36,2.3,1.74,3.96
2010-02-09,1.27,17.64,2.46,1.74,1.51
2010-02-10,3.8,17.68,2.17,1.74,2.46
2010-02-11,1.39,17.92,2.57,1.74,2.93
2010-02-12,1.39,16.9,2.55,1.74,1.15
2010-02-13,2.11,15.89,2.36,1.74,2.14
2010-02-14,1.69,16.64,2.64,1.74,2.82
2010-02-15,1.39,17.0,2.82,1.74,1.69
2010-02-16,8.64,15.9,2.76,1.74,5.09
2010-02-17,1.65,18.21,2.58,1.74,2.3
2010-02-18,4.67,17.34,2.07,1.74,3.17
2010-02-19,2.2,15.6,2.95,1.74,2.05
2010-02-20,1.44,18.97,3.1,1.74,0.73
2010-02-21,1.8,16.86,2.25,1.74,1.82
2010-02-22,1.56,15.46,2.53,1.74,1.91
2010-02-23,4.44,15.81,2.9,1.74,2.88
2010-02-24,2.87,18.62,3.58,1.74,3.31
2010-02-25,1.51,19.06,3.06,1.74,1.78
2010-02-26,1.5,18.11,3.24,1.74,1.89
2010-02-27,1.94,18.51,2.39,1.74,2.38
2010-02-28,1.57,18.42,2.85,1.74,1.8
2010-03-01,1.66,17.66,2.61,1.19,1.53
2010-03-02,2.94,17.41,2.85,1.19,2.0
2010-03-03,13.75,17.69,3.4,1.19,6.42
2010-03-04,4.95,17.96,2.89,1.19,3.51
2010-03-05,2.55,16.21,2.16,1.19,2.38
2010-03-06,11.13,18.01,2.3,1.19,6.44
2010-03-07,2.53,18.91,3.6,1.19,1.92
2010-03-08,2.09,16.94,2.85,1.19,2.41
2010-03-09,5.9,16.84,2.81,1.19,4.71
2010-03-10,1.76,17.82,2.63,1.19,2.16
2010-03-11,1.75,16.49,2.68,1.19,3.11
2010-03-12,2.03,15.72,2.06,1.19,2.46
2010-03-13,4.31,18.7,3.06,1.19,3.08
2010-03-14,1.8,16.81,2.15,1.19,2.3
2010-03-15,1.98,17.4,2.57,1.19,2.03
2010-03-16,3.03,16.67,2.34,1.19,1.64
2010-03-17,6.12,18.96,1.64,1.19,4.56
2010-03-18,2.22,18.47,2.73,1.19,3.41
2010-03-19,2.18,17.18,2.32,1.19,2.58
2010-03-20,2.12,16.08,2.43,1.19,2.52
2010-03-21,1.98,17.1,2.67,1.19,2.01
2010-03-22,2.65,18.22,3.54,1.19,2.73
2010-03-23,8.26,17.79,2.89,1.19,4.66
2010-03-24,3.0,17.71,2.89,1.19,2.72
2010-03-25,5.13,17.86,2.98,1.19,2.69
2010-03-26,4.78,18.53,3.23,1.19,3.06
2010-03-27,11.39,17.59,2.92,1.19,6.47
2010-03-28,2.05,18.2,2.94,1.19,2.98
2010-03-29,2.1,16.5,2.86,1.19,2.97
2010-03-30,3.52,20.76,2.24,1.19,2.39
2010-03-31,2.2,17.38,3.54,1.19,1.59
2010-04-01,5.34,17.98,3.43,0.95,4.02
2010-04-02,2.08,18.43,2.95,0.95,2.03
2010-04-03,2.17,17.28,2.13,0.95,3.01
2010-04-04,2.17,17.79,3.25,0.95,1.46
2010-04-05,4.36,17.79,2.49,0.95,3.33
2010-04-06,2.31,16.72,2.82,0.95,2.39
2010-04-07,4.61,18.35,2.34,0.95,3.76
2010-04-08,2.25,15.86,3.37,0.95,1.74
2010-04-09,10.8,19.96,2.52,0.95,5.29
2010-04-10,2.58,18.82,2.95,0.95,2.8
2010-04-11,4.18,18.65,2.05,0.95,3.86
2010-04-12,2.58,15.81,2.45,0.95,3.31
2010-04-13,2.27,16.95,2.47,0.95,2.45
2010-04-14,4.01,19.58,3.49,0.95,3.52
2010-04-15,2.38,22.9,3.37,0.95,2.67
2010-04-16,11.38,19.37,3.46,0.95,7.1
2010-04-17,3.21,19.18,2.57,0.95,3.17
2010-04-18,2.35,18.58,2.77,0.95,1.87
2010-04-19,6.67,16.94,2.54,0.95,4.67
2010-04-20,2.6,19.16,3.17,0.95,2.86
2010-04-21,3.93,16.65,2.74,0.95,3.72
2010-04-22,3.93,16.52,2.87,0.95,2.67
2010-04-23,2.99,16.45,2.67,0.95,2.89
2010-04-24,4.3,19.16,3.24,0.95,3.92
2010-04-25,3.29,17.92,2.43,0.95,3.16
2010-04-26,2.7,18.11,2.97,0.95,2.66
2010-04-27,6.5,17.98,3.44,0.95,5.34
2010-04-28,2.53,16.65,1.92,0.95,2.48
2010-04-29,2.61,17.19,2.87,0.95,3.41
2010-04-30,2.92,17.26,2.96,0.95,3.38
2010-05-01,10.65,16.31,3.13,0.72,6.39
2010-05-02,2.89,17.39,3.0,0.72,3.07
2010-05-03,2.63,16.7,2.65,0.72,2.99
2010-05-04,2.61,18.69,3.08,0.72,2.93
2010-05-05,4.05,18.79,2.62,0.72,3.29
2010-05-06,3.24,16.44,2.41,0.72,3.04
2010-05-07,3.65,17.63,2.21,0.72,3.31
2010-05-08,7.54,20.21,3.73,0.72,4.81
2010-05-09,2.8,16.81,2.8,0.72,2.9
2010-05-10,2.93,18.49,2.51,0.72,2.02
2010-05-11,3.25,18.1,2.92,0.72,3.21
2010-05-12,2.74,19.28,3.46,0.72,2.51
2010-05-13,2.72,18.31,3.24,0.72,1.82
2010-05-14,2.77,17.43,2.34,0.72,2.77
2010-05-15,9.69,18.02,1.55,0.72,6.2
2010-05-16,6.46,18.03,2.96,0.72,5.4
2010-05-17,4.55,17.82,2.42,0.72,3.8
2010-05-18,2.85,16.33,2.8,0.72,3.53
2010-05-19,3.84,19.4,3.39,0.72,4.17
2010-05-20,3.65,19.18,3.42,0.72,3.05
2010-05-21,4.57,16.63,3.29,0.72,3.78
2010-05-22,2.89,17.51,3.22,0.72,3.9
2010-05-23,3.37,17.59,3.44,0.72,3.27
2010-05-24,3.27,16.46,3.12,0.72,3.34
2010-05-25,4.99,15.6,3.03,0.72,3.76
2010-05-26,3.78,17.02,2.64,0.72,3.86
2010-05-27,4.02,17.38,2.19,0.72,3.71
2010-05-28,4.73,16.06,3.5,0.72,2.85
2010-05-29,3.21,17.99,2.82,0.72,3.05
2010-05-30,3.05,19.16,3.46,0.72,2.38
2010-05-31,8.09,18.75,2.69,0.72,5.56
2010-06-01,5.47,17.57,3.12,0.64,3.88
2010-06-02,15.15,15.5,1.45,0.64,9.7
2010-06-03,4.38,18.55,2.72,0.64,4.4
2010-06-04,6.51,17.85,2.74,0.64,4.77
2010-06-05,3.19,18.16,3.01,0.64,3.56
2010-06-06,2.98,19.96,3.52,0.64,3.83
2010-06-07,3.06,16.62,2.16,0.64,4.39
2010-06-08,4.29,14.14,2.49,0.64,3.84
2010-06-09,4.05,16.31,3.04,0.64,3.49
2010-06-10,6.62,18.13,3.76,0.64,6.06
2010-06-11,4.46,17.56,3.02,0.64,4.28
2010-06-12,3.03,16.05,2.32,0.64,3.8
2010-06-13,3.01,15.78,1.96,0.64,3.42
2010-06-14,3.68,17.03,3.39,0.64,3.84
2010-06-15,5.0,15.94,2.79,0.64,5.33
2010-06-16,9.72,18.04,2.8,0.64,6.89
2010-06-17,3.29,16.89,1.99,0.64,4.59
2010-06-18,3.39,16.61,2.22,0.64,4.03
2010-06-19,3.09,16.43,2.82,0.64,3.18
2010-06-20,3.77,17.63,2.89,0.64,3.61
2010-06-21,5.61,17.34,1.92,0.64,4.49
2010-06-22,12.36,17.5,2.98,0.64,8.21
2010-06-23,3.93,17.45,2.09,0.64,5.14
2010-06-24,7.88,17.12,3.21,0.64,6.23
2010-06-25,3.07,15.94,2.57,0.64,3.93
2010-06-26,3.84,16.27,2.36,0.64,4.05
2010-06-27,3.36,16.65,2.99,0.64,4.21
2010-06-28,10.93,19.57,3.18,0.64,6.96
2010-06-29,3.06,15.44,2.95,0.64,3.49
2010-06-30,7.51,16.53,2.61,0.64,6.66
2010-07-01,3.24,17.12,2.72,0.67,4.08
2010-07-02,6.27,16.61,2.48,0.67,5.52
2010-07-03,10.42,18.23,2.94,0.67,7.52
2010-07-04,3.01,16.54,3.26,0.67,4.53
2010-07-05,3.01,16.6,2.39,0.67,4.37
2010-07-06,6.7,17.83,3.03,0.67,5.46
2010-07-07,7.84,18.99,2.6,0.67,6.19
2010-07-08,6.69,18.48,2.04,0.67,6.13
2010-07-09,6.18,16.59,2.67,0.67,6.05
2010-07-10,7.51,16.66,2.75,0.67,6.54
2010-07-11,3.15,16.75,2.57,0.67,4.52
2010-07-12,4.0,16.84,2.03,0.67,5.07
2010-07-13,4.67,15.61,2.56,0.67,5.18
2010-07-14,3.07,17.72,2.86,0.67,3.95
2010-07-15,3.12,16.81,2.27,0.67,4.98
2010-07-16,5.35,16.47,2.03,0.67,5.24
2010-07-17,9.02,14.97,2.24,0.67,7.28
2010-07-18,3.07,16.54,2.84,0.67,3.34
2010-07-19,3.08,14.16,2.39,0.67,4.29
2010-07-20,3.78,15.7,2.1,0.67,4.19
2010-07-21,4.67,15.68,2.51,0.67,4.54
2010-07-22,3.01,16.67,2.96,0.67,5.33
2010-07-23,3.28,18.55,2.41,0.67,4.42
2010-07-24,5.19,16.94,2.67,0.67,5.71
2010-07-25,3.94,17.96,3.33,0.67,4.77
2010-07-26,2.97,16.96,2.13,0.67,4.61
2010-07-27,3.26,17.5,3.19,0.67,3.85
2010-07-28,4.44,18.35,3.5,0.67,5.18
2010-07-29,3.55,15.21,2.29,0.67,4.64
2010-07-30,3.05,15.1,2.23,0.67,3.98
2010-07-31,3.55,16.82,3.04,0.67,4.08
2010-08-01,3.04,15.98,2.42,0.71,3.74
2010-08-02,4.13,16.21,1.59,0.71,4.5
2010-08-03,4.64,15.62,2.4,0.71,4.51
2010-08-04,3.21,15.16,2.56,0.71,4.01
2010-08-05,4.02,17.79,3.06,0.71,4.91
2010-08-06,4.45,14.49,1.92,0.71,3.89
2010-08-07,3.83,16.6,2.48,0.71,4.65
2010-08-08,8.93,16.37,2.95,0.71,6.19
2010-08-09,3.77,13.81,2.15,0.71,4.91
2010-08-10,6.41,14.68,1.69,0.71,5.45
2010-08-11,7.24,14.85,2.82,0.71,6.03
2010-08-12,2.77,16.28,2.46,0.71,3.8
2010-08-13,7.34,15.13,2.81,0.71,5.04
2010-08-14,3.01,15.44,1.86,0.71,5.03
2010-08-15,2.8,13.76,2.12,0.71,3.48
2010-08-16,6.92,18.26,3.04,0.71,5.67
2010-08-17,3.21,15.52,2.39,0.71,3.57
2010-08-18,4.14,16.01,2.03,0.71,3.9
2010-08-19,3.16,14.73,1.35,0.71,4.15
2010-08-20,3.0,14.56,2.89,0.71,3.48
2010-08-21,4.94,17.6,2.84,0.71,4.07
2010-08-22,2.76,12.98,2.51,0.71,3.69
2010-08-23,2.68,15.58,2.81,0.71,2.79
2010-08-24,7.04,13.76,2.4,0.71,5.7
2010-08-25,3.35,14.7,2.18,0.71,3.96
2010-08-26,2.55,14.38,2.45,0.71,2.31
2010-08-27,3.27,13.94,2.76,0.71,3.48
2010-08-28,2.59,15.13,2.4,0.71,3.7
2010-08-29,2.7,11.98,2.66,0.71,2.86
2010-08-30,3.43,14.65,1.7,0.71,4.17
2010-08-31,2.69,14.89,1.69,0.71,3.76
2010-09-01,4.18,13.34,2.5,0.78,3.5
2010-09-02,4.43,16.75,2.29,0.78,4.17
2010-09-03,2.42,14.2,3.05,0.78,3.48
2010-09-04,3.56,14.6,2.82,0.78,3.15
2010-09-05,7.07,14.14,2.86,0.78,5.1
2010-09-06,5.49,14.73,2.66,0.78,5.19
2010-09-07,3.36,16.37,2.19,0.78,3.34
2010-09-08,3.74,17.74,2.1,0.78,4.17
2010-09-09,2.77,15.64,3.04,0.78,2.72
2010-09-10,2.93,16.02,1.9,0.78,3.46
2010-09-11,3.97,16.75,3.25,0.78,3.9
2010-09-12,2.72,14.96,2.61,0.78,2.02
2010-09-13,2.24,16.52,2.55,0.78,2.7
2010-09-14,3.03,15.56,2.61,0.78,3.47
2010-09-15,2.52,14.76,2.5,0.78,3.12
2010-09-16,3.91,14.99,2.27,0.78,3.4
2010-09-17,3.8,12.36,2.52,0.78,3.01
2010-09-18,5.18,14.87,2.89,0.78,4.44
2010-09-19,4.64,12.64,2.06,0.78,3.94
2010-09-20,5.47,12.52,1.74,0.78,4.88
2010-09-21,2.16,14.68,2.82,0.78,3.05
2010-09-22,2.86,13.09,1.25,0.78,3.27
2010-09-23,3.94,14.4,2.44,0.78,4.24
2010-09-24,4.71,14.55,2.58,0.78,3.74
2010-09-25,2.51,14.59,1.96,0.78,3.77
2010-09-26,2.02,13.26,2.48,0.78,3.44
2010-09-27,2.96,15.41,2.4,0.78,3.7
2010-09-28,2.85,14.2,2.01,0.78,3.09
2010-09-29,2.64,14.82,2.71,0.78,4.17
2010-09-30,1.98,12.84,1.59,0.78,2.88
2010-10-01,5.64,14.04,2.55,0.61,4.44
2010-10-02,6.06,15.56,1.64,0.61,4.8
2010-10-03,2.45,15.39,2.52,0.61,2.39
2010-10-04,1.93,13.25,2.11,0.61,3.39
2010-10-05,4.28,13.54,1.91,0.61,3.59
2010-10-06,7.19,12.99,2.2,0.61,5.71
2010-10-07,5.51,13.38,2.07,0.61,5.18
2010-10-08,3.45,12.47,2.39,0.61,3.88
2010-10-09,1.79,13.97,2.42,0.61,2.41
2010-10-10,3.84,14.89,2.51,0.61,3.48
2010-10-11,2.4,13.17,2.19,0.61,1.69
2010-10-12,3.76,13.99,2.01,0.61,3.63
2010-10-13,6.66,13.83,2.05,0.61,5.49
2010-10-14,6.66,15.35,2.5,0.61,4.98
2010-10-15,3.13,13.34,2.03,0.61,3.3
2010-10-16,1.98,13.37,2.55,0.61,2.73
2010-10-17,2.13,13.04,2.09,0.61,3.6
2010-10-18,5.46,12.68,2.15,0.61,4.51
2010-10-19,1.7,14.68,1.74,0.61,3.8
2010-10-20,3.08,13.87,2.56,0.61,2.99
2010-10-21,9.3,14.09,1.98,0.61,6.51
2010-10-22,1.65,15.55,2.02,0.61,2.68
2010-10-23,1.58,15.62,3.1,0.61,3.55
2010-10-24,1.55,12.04,2.18,0.61,2.71
2010-10-25,3.26,14.79,2.71,0.61,4.31
2010-10-26,2.22,14.28,2.42,0.61,2.58
2010-10-27,4.39,13.45,2.08,0.61,4.64
2010-10-28,1.81,14.4,2.15,0.61,2.69
2010-10-29,1.69,11.93,2.2,0.61,2.92
2010-10-30,8.77,15.76,2.92,0.61,5.09
2010-10-31,4.21,14.62,2.27,0.61,3.99
2010-11-01,3.29,12.96,2.87,0.78,2.69
2010-11-02,1.64,13.3,2.02,0.78,2.75
2010-11-03,1.49,11.96,1.34,0.78,1.88
2010-11-04,1.7,13.63,1.46,0.78,2.6
2010-11-05,4.89,13.43,1.44,0.78,4.65
2010-11-06,2.13,12.42,1.8,0.78,3.06
2010-11-07,5.31,14.95,2.25,0.78,3.52
2010-11-08,4.78,15.55,2.71,0.78,2.89
2010-11-09,3.18,13.99,2.19,0.78,3.5
2010-11-10,2.36,13.66,2.49,0.78,3.57
2010-11-11,1.3,14.56,2.3,0.78,1.79
2010-11-12,1.29,14.02,2.21,0.78,3.26
2010-11-13,1.28,12.75,1.78,0.78,2.23
2010-11-14,2.32,13.28,2.66,0.78,1.46
2010-11-15,1.25,13.71,1.54,0.78,1.38
2010-11-16,3.5,14.38,2.38,0.78,3.34
2010-11-17,1.59,14.1,2.14,0.78,2.19
2010-11-18,1.26,14.35,2.57,0.78,2.57
2010-11-19,1.2,12.28,1.93,0.78,1.26
2010-11-20,2.15,14.92,2.34,0.78,2.21
2010-11-21,1.92,14.14,2.11,0.78,2.07
2010-11-22,5.78,17.21,3.24,0.78,3.51
2010-11-23,1.58,13.69,2.15,0.78,1.76
2010-11-24,2.07,14.56,3.07,0.78,1.73
2010-11-25,1.35,17.58,2.85,0.78,1.7
2010-11-26,1.98,14.43,2.27,0.78,2.1
2010-11-27,1.21,14.13,2.16,0.78,1.71
2010-11-28,1.19,13.05,2.28,0.78,2.09
2010-11-29,1.11,16.08,2.28,0.78,0.81
2010-11-30,1.1,12.87,2.09,0.78,0.47
2010-12-01,2.41,14.8,2.32,1.23,2.34
2010-12-02,6.04,13.73,2.29,1.23,2.92
2010-12-03,1.18,14.09,2.35,1.23,1.23
2010-12-04,6.09,12.63,2.16,1.23,3.21
2010-12-05,9.0,15.97,2.53,1.23,4.5
2010-12-06,2.57,14.04,2.83,1.23,1.49
2010-12-07,4.99,12.94,2.21,1.23,3.08
2010-12-08,4.7,15.92,3.53,1.23,3.35
2010-12-09,1.23,13.83,2.2,1.23,1.86
2010-12-10,1.44,14.86,2.71,1.23,2.03
2010-12-11,1.03,15.49,2.13,1.23,1.42
2010-12-12,1.02,15.07,2.92,1.23,2.06
2010-12-13,3.57,11.89,1.6,1.23,2.48
2010-12-14,3.73,15.39,2.59,1.23,1.57
2010-12-15,7.33,14.46,2.16,1.23,4.45
2010-12-16,1.07,14.21,2.41,1.23,2.16
2010-12-17,3.22,14.5,2.18,1.23,2.34
2010-12-18,2.03,12.72,1.69,1.23,2.82
2010-12-19,1.0,14.91,2.23,1.23,1.26
2010-12-20,1.06,13.07,2.68,1.23,1.96
2010-12-21,6.9,14.39,2.44,1.23,4.87
2010-12-22,2.63,14.94,1.83,1.23,2.46
2010-12-23,1.0,16.07,2.95,1.23,1.59
2010-12-24,1.34,13.83,1.82,1.23,1.76
2010-12-25,5.47,16.58,2.88,1.23,4.12
2010-12-26,6.64,16.0,2.72,1.23,4.13
2010-12-27,2.55,14.38,2.5,1.23,3.42
2010-12-28,1.62,13.59,2.88,1.23,1.99
2010-12-29,3.55,13.22,1.75,1.23,2.53
2010-12-30,3.97,15.31,2.64,1.23,2.58
2010-12-31,1.69,14.13,2.72,1.23,1.94
2011-01-01,0.99,16.48,2.31,1.14,0.69
2011-01-02,2.08,14.26,1.94,1.14,1.89
2011-01-03,1.03,14.02,2.09,1.14,1.39
2011-01-04,1.62,15.41,2.54,1.14,1.82
2011-01-05,1.09,14.34,1.69,1.14,2.58
2011-01-06,1.13,15.21,2.6,1.14,1.48
2011-01-07,6.14,16.41,2.0,1.14,2.68
2011-01-08,1.19,15.4,2.93,1.14,1.07
2011-01-09,3.67,15.44,2.62,1.14,2.63
2011-01-10,1.59,15.57,3.2,1.14,1.54
2011-01-11,3.78,13.33,2.37,1.14,3.38
2011-01-12,4.39,15.86,2.36,1.14,3.36
2011-01-13,1.07,15.61,2.12,1.14,2.0
2011-01-14,6.39,16.53,2.67,1.14,3.57
2011-01-15,1.08,16.22,2.52,1.14,2.15
2011-01-16,3.83,15.28,2.87,1.14,2.13
2011-01-17,3.54,16.8,2.25,1.14,3.1
2011-01-18,1.68,15.24,3.19,1.14,1.48
2011-01-19,2.62,15.92,3.0,1.14,1.29
2011-01-20,1.74,15.28,2.31,1.14,2.06
2011-01-21,10.36,16.25,3.26,1.14,5.98
2011-01-22,1.24,15.27,2.08,1.14,1.62
2011-01-23,1.72,17.74,2.84,1.14,2.58
2011-01-24,1.21,18.21,2.32,1.14,0.81
2011-01-25,1.57,16.88,3.37,1.14,0.95
2011-01-26,1.16,17.71,2.1,1.14,1.46
2011-01-27,7.06,14.05,1.63,1.14,3.98
2011-01-28,1.3,14.23,1.98,1.14,1.41
2011-01-29,2.24,15.58,2.97,1.14,1.95
2011-01-30,2.08,16.05,2.89,1.14,1.53
2011-01-31,3.03,15.8,2.52,1.14,2.07
2011-02-01,1.22,14.1,2.62,0.98,1.63
2011-02-02,1.53,17.49,2.68,0.98,1.18
2011-02-03,6.96,18.72,3.08,0.98,3.77
2011-02-04,1.28,17.71,3.42,0.98,1.2
2011-02-05,5.95,17.51,2.63,0.98,2.95
2011-02-06,2.41,16.51,2.27,0.98,2.53
2011-02-07,1.5,15.26,2.58,0.98,2.5
2011-02-08,6.17,16.4,2.86,0.98,4.18
2011-02-09,3.94,18.87,2.97,0.98,2.89
2011-02-10,1.83,15.95,2.89,0.98,1.49
2011-02-11,4.29,15.86,2.4,0.98,2.85
2011-02-12,1.47,17.77,2.82,0.98,2.2
2011-02-13,1.37,17.89,2.93,0.98,0.44
2011-02-14,1.37,15.49,2.54,0.98,1.38
2011-02-15,1.58,16.23,3.18,0.98,1.82
2011-02-16,6.25,15.97,2.64,0.98,3.06
2011-02-17,1.83,16.69,2.48,0.98,2.0
2011-02-18,1.63,17.97,3.01,0.98,1.73
2011-02-19,1.5,15.71,2.86,0.98,0.73
2011-02-20,7.64,18.01,3.11,0.98,4.17
2011-02-21,2.49,16.86,2.92,0.98,1.7
2011-02-22,2.56,19.56,2.44,0.98,2.33
2011-02-23,2.21,17.19,1.68,0.98,2.46
2011-02-24,1.53,16.72,3.12,0.98,1.7
2011-02-25,1.59,17.56,2.91,0.98,1.53
2011-02-26,1.67,16.49,2.57,0.98,1.7
2011-02-27,1.51,14.77,2.59,0.98,0.85
2011-02-28,9.33,16.67,3.37,0.98,4.74
2011-03-01,3.09,16.68,3.17,0.81,1.83
2011-03-02,2.2,15.11,2.75,0.81,2.42
2011-03-03,1.71,16.96,2.29,0.81,2.1
2011-03-04,2.47,14.6,1.99,0.81,2.48
2011-03-05,9.67,16.69,1.65,0.81,6.44
2011-03-06,1.63,17.43,2.97,0.81,1.62
2011-03-07,5.2,17.28,3.14,0.81,3.08
2011-03-08,4.53,16.7,3.08,0.81,2.94
2011-03-09,1.85,17.11,2.94,0.81,1.14
2011-03-10,2.45,16.3,2.48,0.81,1.51
2011-03-11,1.7,17.28,2.47,0.81,2.21
2011-03-12,1.73,17.37,2.37,0.81,1.19
2011-03-13,1.8,16.24,2.47,0.81,1.31
2011-03-14,3.46,17.67,2.36,0.81,2.56
2011-03-15,9.93,17.69,3.46,0.81,5.19
2011-03-16,4.35,17.2,2.16,0.81,3.77
2011-03-17,3.72,20.33,3.07,0.81,2.9
2011-03-18,2.71,17.28,1.92,0.81,2.28
2011-03-19,2.31,17.14,2.79,0.81,2.76
2011-03-20,3.93,16.99,2.65,0.81,3.39
2011-03-21,1.88,16.35,2.41,0.81,1.44
2011-03-22,8.32,18.36,2.48,0.81,5.22
2011-03-23,3.83,16.74,2.61,0.81,2.79
2011-03-24,12.51,16.9,2.42,0.81,6.9
2011-03-25,4.66,16.96,2.59,0.81,4.83
2011-03-26,2.99,16.44,3.35,0.81,3.03
2011-03-27,2.68,15.54,2.5,0.81,2.86
2011-03-28,2.46,17.11,2.88,0.81,2.78
2011-03-29,2.78,18.73,2.72,0.81,3.31
2011-03-30,2.06,17.94,2.48,0.81,2.21
2011-03-31,3.93,19.59,3.03,0.81,2.98
2011-04-01,2.06,18.64,3.9,0.83,2.5
2011-04-02,2.24,18.38,2.74,0.83,1.69
2011-04-03,7.28,20.03,3.25,0.83,5.12
2011-04-04,2.42,17.67,2.42,0.83,1.88
2011-04-05,2.45,17.87,1.68,0.83,2.71
2011-04-06,9.54,17.8,2.45,0.83,5.12
2011-04-07,3.35,19.68,4.0,0.83,2.38
2011-04-08,13.49,17.84,3.01,0.83,8.46
2011-04-09,2.46,17.08,3.32,0.83,3.48
2011-04-10,2.63,18.57,2.75,0.83,3.67
2011-04-11,2.87,16.9,1.69,0.83,2.68
2011-04-12,2.25,18.53,2.44,0.83,2.39
2011-04-13,7.97,18.4,3.02,0.83,5.55
2011-04-14,3.07,17.69,2.85,0.83,3.64
2011-04-15,7.28,18.6,2.89,0.83,4.79
2011-04-16,4.03,16.15,2.31,0.83,3.64
2011-04-17,2.57,18.14,3.2,0.83,2.48
2011-04-18,10.66,17.39,2.51,0.83,7.73
2011-04-19,19.45,21.39,3.43,0.83,10.79
2011-04-20,5.46,18.15,2.9,0.83,5.19
2011-04-21,3.32,17.25,2.54,0.83,4.32
2011-04-22,2.65,16.32,2.2,0.83,4.54
2011-04-23,2.77,19.55,2.86,0.83,3.34
2011-04-24,3.86,17.56,3.48,0.83,4.68
2011-04-25,2.65,17.04,3.1,0.83,2.94
2011-04-26,7.66,18.4,3.27,0.83,6.37
2011-04-27,2.49,18.77,2.6,0.83,2.78
2011-04-28,6.13,18.76,2.34,0.83,5.27
2011-04-29,2.6,18.02,3.24,0.83,4.34
2011-04-30,2.59,18.19,3.19,0.83,3.79
2011-05-01,2.65,18.28,2.9,0.7,3.68
2011-05-02,4.19,18.4,2.71,0.7,3.66
2011-05-03,2.66,18.51,2.29,0.7,3.17
2011-05-04,2.89,19.31,3.34,0.7,4.01
2011-05-05,4.56,18.06,3.28,0.7,4.32
2011-05-06,7.01,17.01,2.38,0.7,5.92
2011-05-07,3.35,17.82,2.47,0.7,3.85
2011-05-08,3.65,18.89,3.43,0.7,3.55
2011-05-09,4.52,15.84,2.22,0.7,4.74
2011-05-10,2.71,15.84,3.19,0.7,3.41
2011-05-11,3.54,19.07,2.92,0.7,3.58
2011-05-12,2.71,19.79,2.91,0.7,2.53
2011-05-13,3.21,16.44,2.58,0.7,3.98
2011-05-14,7.1,18.07,2.66,0.7,5.53
2011-05-15,3.43,17.46,3.17,0.7,3.24
2011-05-16,5.6,17.62,3.1,0.7,5.14
2011-05-17,3.73,18.29,3.28,0.7,3.78
2011-05-18,2.86,16.37,2.63,0.7,3.5
2011-05-19,2.82,16.58,2.4,0.7,3.8
2011-05-20,3.56,17.54,2.73,0.7,3.92
2011-05-21,2.81,17.71,2.59,0.7,3.39
2011-05-22,6.97,16.52,3.17,0.7,4.95
2011-05-23,2.91,18.81,3.32,0.7,4.16
2011-05-24,6.99,17.35,2.67,0.7,4.85
2011-05-25,6.91,17.33,2.33,0.7,5.74
2011-05-26,3.48,18.16,3.44,0.7,3.53
2011-05-27,3.13,17.65,2.8,0.7,3.74
2011-05-28,3.89,18.8,2.87,0.7,4.43
2011-05-29,3.75,16.66,3.22,0.7,3.49
2011-05-30,3.08,16.08,2.31,0.7,3.82
2011-05-31,5.79,17.37,2.58,0.7,4.84
2011-06-01,2.94,17.8,2.68,0.26,3.13
2011-06-02,3.04,16.22,2.01,0.26,4.26
2011-06-03,3.56,16.03,2.63,0.26,4.06
2011-06-04,4.8,17.89,2.48,0.26,4.15
2011-06-05,3.55,16.74,2.38,0.26,4.33
2011-06-06,19.1,15.89,2.2,0.26,11.42
2011-06-07,3.1,18.77,2.68,0.26,3.99
2011-06-08,4.84,16.83,2.29,0.26,4.73
2011-06-09,5.63,18.95,3.04,0.26,5.55
2011-06-10,4.19,17.58,2.68,0.26,4.31
2011-06-11,5.36,17.88,2.8,0.26,5.48
2011-06-12,2.98,17.25,3.63,0.26,3.98
2011-06-13,3.68,14.3,2.18,0.26,4.15
2011-06-14,7.22,16.09,2.76,0.26,6.91
2011-06-15,3.58,17.28,2.98,0.26,3.78
2011-06-16,4.08,17.85,2.75,0.26,3.72
2011-06-17,4.29,15.24,2.5,0.26,5.0
2011-06-18,3.18,17.3,2.7,0.26,2.86
2011-06-19,4.81,15.99,2.58,0.26,5.5
2011-06-20,9.34,17.59,2.5,0.26,7.18
2011-06-21,3.91,17.26,2.49,0.26,3.79
2011-06-22,3.02,18.15,2.83,0.26,3.45
2011-06-23,4.42,18.51,2.09,0.26,3.96
2011-06-24,5.1,17.75,3.36,0.26,4.99
2011-06-25,3.05,18.21,3.7,0.26,3.0
2011-06-26,3.08,16.73,2.68,0.26,4.11
2011-06-27,3.42,20.51,3.44,0.26,3.63
2011-06-28,3.02,15.63,2.88,0.26,3.43
2011-06-29,3.29,16.43,2.03,0.26,4.23
2011-06-30,3.18,18.11,3.19,0.26,3.9
2011-07-01,3.06,17.91,2.62,-0.1,4.25
2011-07-02,7.94,17.56,3.65,-0.1,5.71
2011-07-03,7.09,17.75,2.69,-0.1,5.93
2011-07-04,3.65,14.41,2.63,-0.1,3.85
2011-07-05,13.73,18.79,2.85,-0.1,9.69
2011-07-06,6.79,16.61,3.47,-0.1,5.58
2011-07-07,3.97,18.31,2.64,-0.1,4.49
2011-07-08,3.57,14.35,2.72,-0.1,4.22
2011-07-09,3.4,17.06,2.91,-0.1,4.38
2011-07-10,3.03,16.05,2.67,-0.1,4.04
2011-07-11,4.42,17.38,2.8,-0.1,4.95
2011-07-12,3.65,17.04,2.39,-0.1,4.33
2011-07-13,4.69,17.07,1.63,-0.1,4.84
2011-07-14,12.01,15.32,2.83,-0.1,8.94
2011-07-15,3.4,16.49,2.38,-0.1,4.04
2011-07-16,4.27,16.31,3.01,-0.1,5.04
2011-07-17,4.87,17.09,2.8,-0.1,4.96
2011-07-18,3.36,17.65,3.23,-0.1,4.26
2011-07-19,3.52,16.61,2.91,-0.1,4.38
2011-07-20,3.05,14.86,1.34,-0.1,5.19
2011-07-21,3.54,16.49,2.82,-0.1,4.41
2011-07-22,4.21,19.46,2.88,-0.1,4.56
2011-07-23,3.18,18.27,3.31,-0.1,3.48
2011-07-24,4.9,12.69,2.24,-0.1,5.4
2011-07-25,13.25,16.3,2.79,-0.1,9.32
2011-07-26,11.2,17.31,2.59,-0.1,7.93
2011-07-27,2.89,15.94,2.13,-0.1,4.39
2011-07-28,4.97,15.57,2.26,-0.1,5.62
2011-07-29,2.87,15.77,1.74,-0.1,4.1
2011-07-30,7.78,16.71,2.37,-0.1,6.91
2011-07-31,6.28,14.64,1.71,-0.1,6.4
2011-08-01,8.68,17.41,2.14,0.15,7.49
2011-08-02,4.13,15.88,2.53,0.15,5.78
2011-08-03,2.92,14.79,2.53,0.15,3.83
2011-08-04,3.8,17.23,2.67,0.15,5.84
2011-08-05,16.28,13.99,2.0,0.15,11.5
2011-08-06,7.82,15.14,1.99,0.15,7.77
2011-08-07,4.24,15.09,2.24,0.15,5.69
2011-08-08,3.33,18.32,2.52,0.15,4.17
2011-08-09,6.65,14.89,2.31,0.15,6.22
2011-08-10,4.04,13.09,1.45,0.15,5.38
2011-08-11,3.28,14.94,2.62,0.15,5.4
2011-08-12,2.77,16.15,2.3,0.15,3.95
2011-08-13,7.22,16.51,2.73,0.15,6.35
2011-08-14,3.06,18.27,3.2,0.15,4.61
2011-08-15,2.68,17.19,2.81,0.15,4.57
2011-08-16,3.53,15.7,2.77,0.15,4.91
2011-08-17,2.76,14.37,1.43,0.15,4.08
2011-08-18,3.21,17.36,2.51,0.15,3.66
2011-08-19,2.63,14.93,2.78,0.15,4.29
2011-08-20,3.71,14.55,2.49,0.15,5.29
2011-08-21,2.68,14.81,3.06,0.15,3.67
2011-08-22,3.06,13.77,2.85,0.15,3.44
2011-08-23,13.14,14.69,2.42,0.15,9.14
2011-08-24,6.41,14.93,2.24,0.15,6.37
2011-08-25,2.57,16.06,2.13,0.15,4.13
2011-08-26,8.09,14.68,2.11,0.15,7.77
2011-08-27,3.25,13.6,1.98,0.15,5.14
2011-08-28,2.5,13.16,1.84,0.15,4.36
2011-08-29,2.49,15.31,2.03,0.15,3.15
2011-08-30,2.83,15.11,2.53,0.15,3.75
2011-08-31,2.46,14.33,2.93,0.15,3.45
2011-09-01,6.95,14.41,2.63,0.47,5.53
2011-09-02,2.44,15.4,2.28,0.47,3.93
2011-09-03,2.5,16.58,2.99,0.47,3.71
2011-09-04,10.12,13.94,2.33,0.47,6.64
2011-09-05,3.0,14.96,2.33,0.47,4.55
2011-09-06,2.37,15.97,2.45,0.47,3.74
2011-09-07,2.73,13.87,2.1,0.47,4.09
2011-09-08,2.65,14.75,2.57,0.47,4.07
2011-09-09,2.34,14.7,2.36,0.47,3.14
2011-09-10,4.65,13.14,1.78,0.47,5.37
2011-09-11,12.38,14.89,2.02,0.47,8.48
2011-09-12,5.85,14.7,2.43,0.47,6.26
2011-09-13,3.43,15.3,2.57,0.47,3.86
2011-09-14,3.16,13.19,1.95,0.47,4.99
2011-09-15,2.8,14.6,1.84,0.47,3.62
2011-09-16,2.8,16.22,3.03,0.47,5.0
2011-09-17,2.2,17.03,3.07,0.47,2.86
2011-09-18,2.95,16.05,1.71,0.47,4.48
2011-09-19,2.24,13.08,2.6,0.47,3.16
2011-09-20,3.19,15.01,2.27,0.47,4.17
2011-09-21,2.11,13.87,2.26,0.47,3.22
2011-09-22,2.1,14.77,2.77,0.47,2.49
2011-09-23,3.39,13.48,2.78,0.47,2.19
2011-09-24,3.21,12.33,2.35,0.47,4.83
2011-09-25,2.2,13.95,2.29,0.47,3.1
2011-09-26,3.63,15.21,1.83,0.47,2.35
2011-09-27,12.76,14.67,1.49,0.47,8.6
2011-09-28,2.01,14.79,2.67,0.47,3.5
2011-09-29,2.73,14.55,2.82,0.47,3.03
2011-09-30,2.52,14.76,1.99,0.47,3.07
2011-10-01,3.11,14.89,2.23,0.87,3.53
2011-10-02,2.32,13.91,1.96,0.87,3.8
2011-10-03,3.92,14.32,2.01,0.87,3.93
2011-10-04,2.09,16.3,2.98,0.87,3.54
2011-10-05,1.97,14.36,2.34,0.87,3.39
2011-10-06,1.98,14.23,2.14,0.87,2.69
2011-10-07,2.82,14.29,3.31,0.87,2.08
2011-10-08,2.84,13.89,1.61,0.87,3.1
2011-10-09,2.71,13.62,2.36,0.87,3.23
2011-10-10,1.79,14.38,1.84,0.87,2.66
2011-10-11,1.97,13.51,2.06,0.87,2.92
2011-10-12,1.75,13.93,2.25,0.87,2.84
2011-10-13,2.6,13.14,2.41,0.87,2.97
2011-10-14,5.84,14.21,2.13,0.87,4.09
2011-10-15,5.04,14.77,2.17,0.87,4.2
2011-10-16,3.42,13.81,2.06,0.87,4.4
2011-10-17,3.36,11.65,1.41,0.87,2.66
2011-10-18,3.58,14.76,2.57,0.87,3.49
2011-10-19,2.35,14.18,2.34,0.87,3.65
2011-10-20,2.63,12.84,2.2,0.87,2.26
2011-10-21,4.4,14.96,2.32,0.87,4.11
2011-10-22,1.73,12.34,1.87,0.87,3.08
2011-10-23,4.39,15.27,2.86,0.87,2.72
2011-10-24,1.7,13.94,2.6,0.87,2.66
2011-10-25,2.66,11.29,2.36,0.87,2.59
2011-10-26,4.53,14.22,2.38,0.87,3.53
2011-10-27,1.62,13.52,2.67,0.87,2.03
2011-10-28,2.4,13.33,1.93,0.87,3.31
2011-10-29,1.77,13.12,1.99,0.87,2.26
2011-10-30,1.52,13.85,2.66,0.87,1.77
2011-10-31,3.77,13.42,2.45,0.87,2.79
2011-11-01,2.35,11.77,1.75,0.93,2.37
2011-11-02,4.25,15.53,2.01,0.93,2.78
2011-11-03,2.2,13.71,2.07,0.93,2.18
2011-11-04,1.62,13.13,1.8,0.93,2.24
2011-11-05,1.49,12.65,2.69,0.93,2.08
2011-11-06,1.97,14.94,2.64,0.93,2.64
2011-11-07,4.23,12.46,1.66,0.93,3.37
2011-11-08,1.63,14.18,1.81,0.93,1.84
2011-11-09,2.09,13.32,1.79,0.93,1.75
2011-11-10,1.85,13.4,1.89,0.93,2.24
2011-11-11,4.34,12.71,1.94,0.93,3.13
2011-11-12,2.27,13.3,2.54,0.93,2.12
2011-11-13,6.68,14.06,1.82,0.93,4.44
2011-11-14,8.54,14.34,3.17,0.93,5.26
2011-11-15,1.25,13.13,1.69,0.93,2.32
2011-11-16,2.21,13.97,1.63,0.93,2.49
2011-11-17,2.54,15.15,3.05,0.93,1.97
2011-11-18,5.7,12.1,2.44,0.93,3.61
2011-11-19,1.4,14.1,2.14,0.93,2.54
2011-11-20,5.98,12.98,2.2,0.93,3.91
2011-11-21,1.57,12.87,2.19,0.93,1.54
2011-11-22,1.46,14.46,2.32,0.93,2.65
2011-11-23,10.77,13.5,1.61,0.93,5.95
2011-11-24,1.26,12.71,1.01,0.93,2.52
2011-11-25,1.15,15.78,2.13,0.93,2.39
2011-11-26,1.78,15.3,3.12,0.93,2.12
2011-11-27,3.23,11.9,2.63,0.93,1.58
2011-11-28,1.24,12.46,1.86,0.93,2.28
2011-11-29,1.39,14.96,1.96,0.93,2.72
2011-11-30,1.18,13.92,2.3,0.93,2.22
2011-12-01,5.06,16.08,2.69,0.68,2.46
2011-12-02,1.39,15.04,2.6,0.68,2.92
2011-12-03,1.36,14.68,1.29,0.68,1.42
2011-12-04,4.32,13.11,3.33,0.68,2.43
2011-12-05,1.63,14.95,2.8,0.68,2.23
2011-12-06,2.39,12.85,1.95,0.68,2.57
2011-12-07,1.22,15.96,2.21,0.68,1.75
2011-12-08,4.91,14.92,2.73,0.68,3.0
2011-12-09,1.66,13.45,2.32,0.68,2.56
2011-12-10,1.59,15.43,2.45,0.68,1.76
2011-12-11,1.18,17.17,2.86,0.68,0.77
2011-12-12,1.94,14.24,2.19,0.68,2.52
2011-12-13,2.8,15.19,2.54,0.68,2.31
2011-12-14,1.67,14.03,2.5,0.68,2.22
2011-12-15,3.94,14.68,2.44,0.68,3.01
2011-12-16,1.88,12.79,2.14,0.68,3.05
2011-12-17,1.14,14.63,2.85,0.68,1.28
2011-12-18,1.34,14.7,1.67,0.68,1.63
2011-12-19,8.23,16.84,2.31,0.68,5.09
2011-12-20,1.28,12.55,1.99,0.68,1.53
2011-12-21,1.2,14.39,1.97,0.68,2.0
2011-12-22,1.1,16.3,2.39,0.68,0.2
2011-12-23,4.36,14.49,2.79,0.68,2.77
2011-12-24,8.83,14.6,2.23,0.68,5.08
2011-12-25,5.8,13.84,1.44,0.68,4.02
2011-12-26,1.0,13.75,1.99,0.68,1.35
2011-12-27,1.36,12.7,2.03,0.68,2.33
2011-12-28,4.0,14.17,2.24,0.68,2.78
2011-12-29,4.32,13.77,2.39,0.68,3.29
2011-12-30,3.58,15.12,2.56,0.68,2.83
2011-12-31,6.75,14.07,2.15,0.68,4.72
2012-01-01,3.79,14.47,1.79,0.57,4.02
2012-01-02,3.85,14.53,2.1,0.57,3.39
2012-01-03,1.05,15.05,2.11,0.57,2.37
2012-01-04,2.01,14.5,2.16,0.57,2.4
2012-01-05,2.39,13.89,2.46,0.57,2.15
2012-01-06,4.44,15.3,2.56,0.57,3.27
2012-01-07,1.25,16.51,2.91,0.57,1.7
2012-01-08,3.08,15.41,2.26,0.57,3.01
2012-01-09,1.16,14.56,2.89,0.57,1.82
2012-01-10,13.56,15.18,2.65,0.57,7.28
2012-01-11,8.9,12.9,2.08,0.57,5.81
2012-01-12,1.52,15.22,2.62,0.57,1.62
2012-01-13,1.93,14.94,2.07,0.57,2.54
2012-01-14,1.07,14.34,1.41,0.57,2.33
2012-01-15,6.76,14.59,2.05,0.57,5.78
2012-01-16,4.5,15.03,2.65,0.57,4.42
2012-01-17,1.42,16.75,2.64,0.57,1.76
2012-01-18,1.51,16.9,2.58,0.57,2.35
2012-01-19,2.97,14.51,1.94,0.57,3.15
2012-01-20,1.08,15.04,1.57,0.57,2.08
2012-01-21,3.49,15.1,2.93,0.57,2.89
2012-01-22,1.57,16.7,2.52,0.57,1.95
2012-01-23,1.1,15.93,2.32,0.57,2.85
2012-01-24,3.97,15.91,2.22,0.57,3.02
2012-01-25,6.5,16.47,3.07,0.57,4.46
2012-01-26,7.25,15.15,2.72,0.57,3.58
2012-01-27,2.26,17.53,2.34,0.57,3.05
2012-01-28,1.38,15.93,2.96,0.57,2.66
2012-01-29,1.15,14.94,2.28,0.57,1.46
2012-01-30,3.54,15.72,2.21,0.57,2.84
2012-01-31,3.95,17.51,2.61,0.57,3.43
2012-02-01,2.08,15.56,2.12,0.2,2.48
2012-02-02,7.42,17.24,2.16,0.2,5.44
2012-02-03,1.68,15.39,2.72,0.2,2.08
2012-02-04,1.29,15.25,2.3,0.2,2.98
2012-02-05,8.18,17.0,2.9,0.2,5.09
2012-02-06,1.67,15.19,2.49,0.2,3.64
2012-02-07,1.42,17.26,2.91,0.2,2.63
2012-02-08,1.31,16.73,1.79,0.2,2.56
2012-02-09,1.33,15.29,2.05,0.2,1.51
2012-02-10,2.66,16.29,2.77,0.2,2.92
2012-02-11,2.99,15.75,1.95,0.2,3.13
2012-02-12,3.05,16.86,2.78,0.2,1.59
2012-02-13,3.73,18.74,2.36,0.2,2.4
2012-02-14,1.8,16.07,2.52,0.2,2.26
2012-02-15,1.45,17.18,3.32,0.2,1.67
2012-02-16,1.62,16.61,2.9,0.2,1.5
2012-02-17,1.61,16.64,1.86,0.2,2.5
2012-02-18,1.81,16.44,2.91,0.2,1.32
2012-02-19,6.44,15.65,3.18,0.2,3.83
2012-02-20,4.49,17.11,3.79,0.2,2.67
2012-02-21,1.61,16.39,2.75,0.2,2.04
2012-02-22,8.79,15.69,1.91,0.2,4.84
2012-02-23,2.77,18.02,2.98,0.2,2.25
2012-02-24,2.71,16.95,3.28,0.2,1.5
2012-02-25,3.04,16.59,2.51,0.2,2.54
2012-02-26,1.57,18.5,3.29,0.2,2.13
2012-02-27,3.55,14.72,1.97,0.2,3.4
2012-02-28,1.55,18.48,3.02,0.2,1.37
2012-02-29,2.21,15.93,1.49,0.2,2.68
2012-03-01,1.75,17.27,2.31,-0.18,1.88
2012-03-02,4.34,16.34,2.55,-0.18,3.98
2012-03-03,5.9,15.97,2.35,-0.18,4.21
2012-03-04,4.62,18.68,2.38,-0.18,2.17
2012-03-05,2.62,19.36,2.8,-0.18,2.93
2012-03-06,10.26,16.9,2.77,-0.18,6.49
2012-03-07,2.77,17.59,2.7,-0.18,2.68
2012-03-08,2.73,17.29,2.72,-0.18,2.93
2012-03-09,9.83,19.32,3.29,-0.18,5.81
2012-03-10,2.58,14.74,2.17,-0.18,3.05
2012-03-11,1.91,17.75,3.31,-0.18,2.56
2012-03-12,1.73,16.45,2.17,-0.18,2.62
2012-03-13,4.9,14.52,3.05,-0.18,3.59
2012-03-14,1.77,16.94,3.09,-0.18,2.68
2012-03-15,1.88,19.62,2.9,-0.18,1.73
2012-03-16,1.91,16.64,2.48,-0.18,1.98
2012-03-17,2.25,18.4,2.94,-0.18,2.23
2012-03-18,2.52,18.91,3.18,-0.18,2.49
2012-03-19,2.07,17.48,3.16,-0.18,1.89
2012-03-20,2.87,17.66,2.21,-0.18,3.33
2012-03-21,6.74,15.48,2.6,-0.18,4.9
2012-03-22,2.16,16.7,1.76,-0.18,2.6
2012-03-23,3.32,18.67,2.83,-0.18,3.01
2012-03-24,3.7,17.68,3.33,-0.18,3.32
2012-03-25,11.01,18.06,2.24,-0.18,7.44
2012-03-26,3.1,17.8,2.13,-0.18,2.33
2012-03-27,2.36,20.29,3.23,-0.18,3.06
2012-03-28,22.7,17.16,3.23,-0.18,13.83
2012-03-29,2.32,19.63,3.17,-0.18,3.47
2012-03-30,3.25,17.88,2.02,-0.18,3.69
2012-03-31,3.08,19.77,2.39,-0.18,2.76
2012-04-01,2.75,16.28,2.58,-0.12,2.24
2012-04-02,2.54,17.99,2.33,-0.12,2.82
2012-04-03,2.18,17.31,2.75,-0.12,3.18
2012-04-04,7.0,17.97,2.87,-0.12,6.13
2012-04-05,2.36,19.28,2.8,-0.12,3.2
2012-04-06,2.57,18.28,3.57,-0.12,2.36
2012-04-07,4.07,19.31,3.23,-0.12,3.34
2012-04-08,2.22,17.05,3.14,-0.12,3.41
2012-04-09,7.04,16.88,3.0,-0.12,4.7
2012-04-10,3.77,17.9,2.72,-0.12,4.79
2012-04-11,5.98,17.84,2.7,-0.12,5.89
2012-04-12,2.27,17.68,2.63,-0.12,4.07
2012-04-13,9.3,16.76,2.89,-0.12,6.93
2012-04-14,2.39,19.36,2.74,-0.12,2.99
2012-04-15,4.24,17.5,3.41,-0.12,4.11
2012-04-16,3.83,19.65,2.75,-0.12,4.33
2012-04-17,3.33,17.96,2.88,-0.12,3.23
2012-04-18,3.28,18.73,2.82,-0.12,2.96
2012-04-19,2.58,18.63,2.71,-0.12,2.98
2012-04-20,2.9,16.98,3.52,-0.12,2.64
2012-04-21,2.42,18.42,2.69,-0.12,3.55
2012-04-22,4.23,20.29,3.02,-0.12,3.47
2012-04-23,5.71,18.29,2.58,-0.12,4.78
2012-04-24,4.87,19.07,2.98,-0.12,4.71
2012-04-25,3.38,18.82,2.88,-0.12,4.1
2012-04-26,2.69,18.36,2.41,-0.12,3.29
2012-04-27,6.7,18.22,2.66,-0.12,5.47
2012-04-28,2.68,18.66,3.14,-0.12,2.53
2012-04-29,2.54,18.92,3.35,-0.12,3.36
2012-04-30,5.6,16.38,2.57,-0.12,5.32
2012-05-01,9.7,18.3,2.87,0.02,5.89
2012-05-02,7.43,17.78,2.62,0.02,6.76
2012-05-03,4.18,17.53,2.53,0.02,3.92
2012-05-04,3.94,19.55,2.66,0.02,4.4
2012-05-05,5.36,17.11,2.04,0.02,5.06
2012-05-06,5.25,16.32,2.27,0.02,4.92
2012-05-07,3.54,18.94,3.3,0.02,3.69
2012-05-08,3.05,16.28,2.37,0.02,3.24
2012-05-09,5.33,15.66,2.31,0.02,5.2
2012-05-10,2.81,19.06,2.81,0.02,3.35
2012-05-11,3.56,18.16,3.32,0.02,3.05
2012-05-12,5.38,18.53,2.51,0.02,4.34
2012-05-13,7.88,17.42,2.82,0.02,5.52
2012-05-14,7.65,16.28,2.52,0.02,5.99
2012-05-15,4.37,16.51,2.6,0.02,4.82
2012-05-16,3.03,17.6,2.84,0.02,3.44
2012-05-17,2.8,16.39,2.58,0.02,4.17
2012-05-18,3.25,18.28,3.16,0.02,3.65
2012-05-19,3.7,17.34,2.69,0.02,3.88
2012-05-20,3.13,18.11,3.51,0.02,3.48
2012-05-21,7.55,18.06,2.83,0.02,6.67
2012-05-22,7.48,18.33,2.17,0.02,5.55
2012-05-23,14.15,18.45,3.12,0.02,10.52
2012-05-24,2.9,17.42,2.87,0.02,4.52
2012-05-25,2.95,18.04,2.82,0.02,3.99
2012-05-26,2.87,18.09,2.71,0.02,4.51
2012-05-27,2.95,14.88,1.49,0.02,4.06
2012-05-28,3.57,18.55,2.1,0.02,4.49
2012-05-29,3.2,17.94,3.45,0.02,3.49
2012-05-30,4.49,18.42,2.63,0.02,5.09
2012-05-31,4.76,16.18,2.91,0.02,4.32
2012-06-01,2.91,17.33,2.06,0.51,3.81
2012-06-02,6.8,16.38,2.14,0.51,6.03
2012-06-03,4.06,18.57,3.16,0.51,4.7
2012-06-04,2.94,15.97,2.45,0.51,3.36
2012-06-05,3.42,16.52,2.79,0.51,4.25
2012-06-06,2.99,18.25,2.83,0.51,3.12
2012-06-07,4.46,16.84,2.54,0.51,3.28
2012-06-08,3.28,16.46,2.3,0.51,3.46
2012-06-09,4.67,18.64,2.42,0.51,4.88
2012-06-10,3.76,18.67,3.46,0.51,3.76
2012-06-11,3.06,18.37,3.48,0.51,3.11
2012-06-12,3.8,18.5,2.46,0.51,3.96
2012-06-13,3.4,17.18,2.24,0.51,3.8
2012-06-14,3.06,17.19,2.54,0.51,3.83
2012-06-15,4.01,16.63,2.73,0.51,3.09
2012-06-16,3.71,17.59,2.67,0.51,3.71
2012-06-17,4.01,16.73,2.81,0.51,3.92
2012-06-18,3.27,16.82,2.6,0.51,2.85
2012-06-19,8.15,18.03,2.76,0.51,5.19
2012-06-20,3.32,18.71,3.87,0.51,3.18
2012-06-21,3.61,17.74,2.55,0.51,3.78
2012-06-22,3.37,19.38,3.66,0.51,3.37
2012-06-23,3.62,16.36,3.13,0.51,3.29
2012-06-24,5.1,14.97,2.55,0.51,4.12
2012-06-25,5.06,18.01,2.03,0.51,4.37
2012-06-26,3.52,16.19,2.54,0.51,3.87
2012-06-27,5.47,16.76,2.41,0.51,5.32
2012-06-28,3.53,14.94,2.35,0.51,2.7
2012-06-29,4.35,15.95,2.07,0.51,4.57
2012-06-30,9.82,15.2,2.68,0.51,6.78
2012-07-01,3.01,16.45,2.96,0.49,3.87
2012-07-02,3.07,16.47,3.04,0.49,4.15
2012-07-03,5.83,17.02,2.5,0.49,4.63
2012-07-04,6.81,18.37,2.43,0.49,6.04
2012-07-05,4.54,17.66,2.89,0.49,3.79
2012-07-06,5.42,14.87,3.03,0.49,4.88
2012-07-07,3.1,17.52,2.76,0.49,3.64
2012-07-08,4.13,16.89,2.81,0.49,4.23
2012-07-09,2.99,16.61,2.5,0.49,3.21
2012-07-10,3.22,16.66,2.4,0.49,4.01
2012-07-11,2.98,16.9,2.9,0.49,4.31
2012-07-12,3.13,15.8,2.43,0.49,3.16
2012-07-13,3.56,16.37,2.72,0.49,3.85
2012-07-14,2.97,17.98,3.0,0.49,3.79
2012-07-15,5.92,15.68,2.59,0.49,4.73
2012-07-16,4.09,15.26,2.61,0.49,4.71
2012-07-17,6.17,16.39,2.22,0.49,4.94
2012-07-18,7.64,15.07,1.99,0.49,5.96
2012-07-19,3.69,14.33,2.23,0.49,3.64
2012-07-20,6.73,15.95,2.48,0.49,5.62
2012-07-21,11.66,18.06,2.6,0.49,8.07
2012-07-22,2.95,16.25,2.63,0.49,4.32
2012-07-23,2.91,16.47,2.93,0.49,3.52
2012-07-24,6.56,13.67,2.63,0.49,5.31
2012-07-25,7.96,16.71,3.17,0.49,6.51
2012-07-26,3.19,16.27,2.01,0.49,5.01
2012-07-27,2.88,15.32,1.93,0.49,4.44
2012-07-28,3.15,16.3,2.43,0.49,5.0
2012-07-29,3.58,16.26,2.57,0.49,4.48
2012-07-30,3.14,14.75,2.22,0.49,4.3
2012-07-31,3.57,16.38,2.34,0.49,4.51
2012-08-01,3.84,17.38,2.59,0.15,5.03
2012-08-02,3.08,15.64,2.64,0.15,4.47
2012-08-03,2.9,14.84,1.79,0.15,3.38
2012-08-04,4.1,15.63,3.38,0.15,4.5
2012-08-05,6.96,16.84,2.63,0.15,5.91
2012-08-06,17.26,14.31,2.67,0.15,11.19
2012-08-07,16.73,16.44,2.33,0.15,10.67
2012-08-08,2.84,14.89,2.56,0.15,3.84
2012-08-09,2.86,15.96,2.53,0.15,4.36
2012-08-10,4.13,14.96,2.69,0.15,4.35
2012-08-11,11.48,14.93,2.26,0.15,8.85
2012-08-12,4.0,17.4,3.33,0.15,5.39
2012-08-13,2.71,13.85,1.58,0.15,4.45
2012-08-14,6.68,16.09,2.89,0.15,6.45
2012-08-15,3.72,17.55,2.78,0.15,4.39
2012-08-16,4.6,16.26,2.13,0.15,5.65
2012-08-17,12.08,13.81,2.95,0.15,9.46
2012-08-18,2.77,13.84,2.91,0.15,3.84
2012-08-19,3.4,14.44,1.44,0.15,4.79
2012-08-20,2.64,15.5,2.5,0.15,3.8
2012-08-21,3.52,15.55,2.71,0.15,5.0
2012-08-22,2.6,13.72,2.33,0.15,4.38
2012-08-23,11.32,14.17,2.83,0.15,8.65
2012-08-24,2.94,14.21,2.75,0.15,4.43
2012-08-25,3.35,14.93,2.45,0.15,4.86
2012-08-26,2.66,17.5,3.64,0.15,4.13
2012-08-27,2.75,13.97,2.57,0.15,3.93
2012-08-28,2.5,13.89,2.04,0.15,3.79
2012-08-29,4.34,13.67,1.93,0.15,4.99
2012-08-30,13.34,15.76,2.96,0.15,9.39
2012-08-31,8.18,14.92,2.02,0.15,8.35
2012-09-01,2.83,13.86,2.02,0.12,4.43
2012-09-02,3.57,14.47,2.18,0.12,5.04
2012-09-03,2.4,13.93,2.33,0.12,4.42
2012-09-04,2.63,15.21,2.3,0.12,4.92
2012-09-05,2.51,18.05,2.28,0.12,3.67
2012-09-06,4.01,15.46,2.88,0.12,5.3
2012-09-07,2.8,14.66,2.14,0.12,4.07
2012-09-08,5.49,13.94,3.0,0.12,6.53
2012-09-09,3.71,13.1,2.19,0.12,4.75
2012-09-10,3.37,15.57,2.94,0.12,3.54
2012-09-11,5.81,15.48,2.67,0.12,5.36
2012-09-12,2.98,14.08,2.74,0.12,4.65
2012-09-13,2.26,16.07,2.74,0.12,3.58
2012-09-14,2.27,14.61,2.39,0.12,3.52
2012-09-15,3.22,15.49,2.86,0.12,4.2
2012-09-16,7.66,14.9,3.33,0.12,5.85
2012-09-17,3.73,14.3,2.14,0.12,4.25
2012-09-18,6.78,13.35,2.42,0.12,5.41
2012-09-19,2.13,14.3,2.24,0.12,4.41
2012-09-20,2.29,15.46,2.62,0.12,2.84
2012-09-21,3.91,13.82,2.19,0.12,4.43
2012-09-22,2.21,14.94,1.48,0.12,3.86
2012-09-23,4.37,13.09,1.98,0.12,4.56
2012-09-24,2.07,15.3,2.8,0.12,2.52
2012-09-25,5.08,14.72,2.0,0.12,4.37
2012-09-26,2.34,12.89,2.4,0.12,3.61
2012-09-27,4.35,14.04,2.28,0.12,3.98
2012-09-28,2.34,15.41,2.33,0.12,2.27
2012-09-29,1.95,12.76,2.38,0.12,3.22
2012-09-30,1.94,12.97,2.32,0.12,2.52
2012-10-01,4.52,14.16,2.39,0.05,4.57
2012-10-02,4.85,16.78,3.02,0.05,4.18
2012-10-03,2.82,13.4,2.19,0.05,3.31
2012-10-04,2.28,14.79,1.66,0.05,3.28
2012-10-05,2.59,14.49,2.12,0.05,2.68
2012-10-06,8.54,13.46,1.4,0.05,6.18
2012-10-07,2.4,14.34,2.51,0.05,3.06
2012-10-08,2.29,13.6,2.5,0.05,2.5
2012-10-09,1.9,13.7,2.53,0.05,3.15
2012-10-10,2.74,12.12,2.11,0.05,3.13
2012-10-11,1.74,14.07,2.6,0.05,1.86
2012-10-12,2.0,15.17,1.75,0.05,2.59
2012-10-13,3.05,14.15,2.18,0.05,3.32
2012-10-14,3.07,15.38,1.84,0.05,3.13
2012-10-15,5.92,14.76,2.17,0.05,4.98
2012-10-16,2.39,13.98,2.84,0.05,3.09
2012-10-17,7.09,13.29,2.53,0.05,6.54
2012-10-18,2.94,13.46,2.38,0.05,3.86
2012-10-19,1.73,12.27,1.87,0.05,1.92
2012-10-20,4.18,13.71,1.76,0.05,3.84
2012-10-21,4.12,14.2,2.3,0.05,3.74
2012-10-22,6.81,16.08,2.96,0.05,5.45
2012-10-23,1.58,14.65,2.46,0.05,2.12
2012-10-24,1.54,12.97,1.41,0.05,2.5
2012-10-25,1.74,12.28,1.98,0.05,2.03
2012-10-26,2.23,13.76,1.4,0.05,2.71
2012-10-27,2.44,14.98,2.67,0.05,2.47
2012-10-28,5.81,13.74,1.88,0.05,4.57
2012-10-29,2.37,14.65,1.81,0.05,2.4
2012-10-30,3.4,13.78,2.49,0.05,3.82
2012-10-31,1.7,14.86,2.55,0.05,2.63
2012-11-01,1.95,12.08,2.01,-0.08,1.89
2012-11-02,2.25,15.93,3.37,-0.08,2.37
2012-11-03,1.76,12.67,2.25,-0.08,1.54
2012-11-04,1.9,14.96,2.09,-0.08,3.07
2012-11-05,6.94,13.68,2.36,-0.08,5.84
2012-11-06,1.41,13.88,2.07,-0.08,2.2
2012-11-07,6.12,13.73,2.67,-0.08,4.14
2012-11-08,1.33,14.33,2.36,-0.08,1.79
2012-11-09,4.15,14.58,2.44,-0.08,3.34
2012-11-10,2.74,15.31,1.82,-0.08,2.94
2012-11-11,2.75,15.73,2.48,-0.08,3.49
2012-11-12,1.41,14.45,2.24,-0.08,2.59
2012-11-13,2.5,16.12,2.11,-0.08,3.17
2012-11-14,4.77,14.18,2.14,-0.08,3.98
2012-11-15,7.67,15.37,2.58,-0.08,4.84
2012-11-16,1.47,14.6,2.29,-0.08,1.87
2012-11-17,1.56,13.44,1.55,-0.08,2.47
2012-11-18,10.17,14.33,2.14,-0.08,6.33
2012-11-19,2.35,14.72,2.12,-0.08,3.07
2012-11-20,1.22,14.09,2.29,-0.08,2.62
2012-11-21,1.33,14.64,2.33,-0.08,2.45
2012-11-22,1.2,15.2,2.21,-0.08,2.31
2012-11-23,3.71,14.14,2.04,-0.08,2.47
2012-11-24,3.34,10.65,1.72,-0.08,3.97
2012-11-25,4.1,16.21,2.92,-0.08,2.62
2012-11-26,3.6,13.86,2.29,-0.08,3.25
2012-11-27,1.53,13.24,2.66,-0.08,2.41
2012-11-28,13.03,12.9,2.49,-0.08,8.54
2012-11-29,3.05,13.86,2.78,-0.08,2.54
2012-11-30,4.04,13.61,2.69,-0.08,3.17
2012-12-01,2.25,13.42,2.74,0.01,2.87
2012-12-02,2.41,13.5,1.66,0.01,3.3
2012-12-03,1.72,14.97,2.6,0.01,1.83
2012-12-04,2.47,16.79,3.11,0.01,2.78
2012-12-05,3.55,15.36,2.96,0.01,2.4
2012-12-06,4.54,15.74,2.15,0.01,4.21
2012-12-07,2.21,13.97,2.46,0.01,2.16
2012-12-08,1.08,14.57,2.31,0.01,2.07
2012-12-09,2.15,14.97,3.08,0.01,2.23
2012-12-10,2.48,13.69,1.6,0.01,3.38
2012-12-11,3.68,14.0,1.89,0.01,3.48
2012-12-12,2.48,15.55,1.71,0.01,2.48
2012-12-13,1.47,15.86,2.54,0.01,2.18
2012-12-14,6.31,14.66,3.2,0.01,5.43
2012-12-15,2.09,13.17,2.06,0.01,2.86
2012-12-16,1.01,14.27,2.28,0.01,1.85
2012-12-17,1.15,12.92,2.26,0.01,1.4
2012-12-18,11.19,14.77,2.27,0.01,6.85
2012-12-19,1.22,15.01,2.5,0.01,2.37
2012-12-20,1.45,14.4,2.42,0.01,1.64
2012-12-21,1.58,15.05,2.02,0.01,2.19
2012-12-22,4.72,15.28,2.35,0.01,4.45
2012-12-23,2.54,15.12,2.66,0.01,2.61
2012-12-24,9.25,13.4,2.48,0.01,5.63
2012-12-25,2.08,14.56,2.8,0.01,3.52
2012-12-26,1.17,15.39,2.54,0.01,2.89
2012-12-27,3.11,16.82,2.77,0.01,3.11
2012-12-28,5.29,14.63,2.59,0.01,4.71
2012-12-29,1.0,15.64,2.21,0.01,1.85
2012-12-30,10.43,16.07,2.26,0.01,7.28
2012-12-31,2.77,14.81,2.27,0.01,2.84
2013-01-01,1.7,16.42,2.05,-0.3,1.84
2013-01-02,1.03,16.52,2.74,-0.3,3.37
2013-01-03,5.48,16.76,3.03,-0.3,3.54
2013-01-04,1.2,15.68,2.17,-0.3,2.28
2013-01-05,1.19,18.0,2.97,-0.3,2.12
2013-01-06,2.29,14.46,2.02,-0.3,2.89
2013-01-07,2.67,17.78,2.36,-0.3,2.67
2013-01-08,1.1,16.18,3.35,-0.3,1.81
2013-01-09,5.31,16.9,2.23,-0.3,4.22
2013-01-10,2.64,14.94,1.83,-0.3,3.08
2013-01-11,3.21,16.37,2.64,-0.3,2.92
2013-01-12,13.13,17.1,2.77,-0.3,8.46
2013-01-13,4.37,14.12,2.48,-0.3,3.31
2013-01-14,1.04,15.26,3.19,-0.3,3.23
2013-01-15,2.07,12.92,1.73,-0.3,3.08
2013-01-16,1.51,15.31,2.16,-0.3,2.44
2013-01-17,2.17,14.58,2.93,-0.3,2.11
2013-01-18,1.47,15.33,2.77,-0.3,1.51
2013-01-19,2.26,19.13,3.29,-0.3,2.67
2013-01-20,2.87,17.72,2.52,-0.3,2.67
2013-01-21,1.41,13.96,2.64,-0.3,2.18
2013-01-22,1.09,16.39,2.88,-0.3,1.08
2013-01-23,2.7,16.72,2.68,-0.3,3.23
2013-01-24,3.93,15.39,2.17,-0.3,3.72
2013-01-25,2.63,16.04,2.55,-0.3,2.43
2013-01-26,1.13,16.19,3.19,-0.3,1.92
2013-01-27,3.01,14.28,1.8,-0.3,3.18
2013-01-28,2.4,14.69,1.98,-0.3,1.75
2013-01-29,5.39,16.17,2.27,-0.3,4.86
2013-01-30,2.78,16.12,2.35,-0.3,2.85
2013-01-31,6.3,15.18,2.37,-0.3,4.24
2013-02-01,5.65,15.12,2.75,-0.26,3.67
2013-02-02,1.98,16.0,2.68,-0.26,2.75
2013-02-03,1.31,17.2,2.7,-0.26,1.95
2013-02-04,1.85,16.08,2.62,-0.26,2.31
2013-02-05,7.68,18.15,3.07,-0.26,5.19
2013-02-06,1.29,15.41,1.74,-0.26,1.61
2013-02-07,8.82,16.51,3.0,-0.26,6.19
2013-02-08,1.91,15.88,2.15,-0.26,2.38
2013-02-09,3.24,17.05,2.48,-0.26,3.07
2013-02-10,4.19,15.44,2.55,-0.26,4.78
2013-02-11,1.37,18.72,2.88,-0.26,2.41
2013-02-12,1.52,14.42,2.46,-0.26,2.52
2013-02-13,1.81,18.54,2.94,-0.26,3.38
2013-02-14,5.4,16.62,2.48,-0.26,4.31
2013-02-15,4.54,17.21,3.29,-0.26,3.54
2013-02-16,2.33,18.18,3.11,-0.26,1.98
2013-02-17,6.56,17.64,2.87,-0.26,4.5
2013-02-18,8.3,15.77,2.74,-0.26,4.83
2013-02-19,10.35,17.4,2.43,-0.26,7.67
2013-02-20,2.12,18.95,3.81,-0.26,1.86
2013-02-21,1.89,15.67,2.02,-0.26,3.23
2013-02-22,2.42,19.31,3.04,-0.26,2.71
2013-02-23,3.14,17.27,2.58,-0.26,3.28
2013-02-24,2.2,16.31,2.42,-0.26,2.68
2013-02-25,1.65,15.79,2.29,-0.26,3.08
2013-02-26,1.65,16.63,2.29,-0.26,2.92
2013-02-27,4.52,14.58,2.76,-0.26,3.72
2013-02-28,7.48,16.46,2.09,-0.26,5.18
2013-03-01,5.19,16.67,2.99,-0.1,4.65
2013-03-02,6.31,15.73,2.72,-0.1,4.43
2013-03-03,5.53,17.94,2.64,-0.1,3.83
2013-03-04,2.41,16.81,2.84,-0.1,3.15
2013-03-05,2.23,16.34,2.49,-0.1,3.45
2013-03-06,1.66,16.74,2.17,-0.1,2.36
2013-03-07,6.23,17.59,2.3,-0.1,5.17
2013-03-08,2.27,17.28,2.95,-0.1,2.5
2013-03-09,2.63,16.38,2.8,-0.1,3.25
2013-03-10,3.03,17.39,2.81,-0.1,3.61
2013-03-11,3.29,17.21,2.52,-0.1,3.12
2013-03-12,2.35,15.93,2.41,-0.1,2.24
2013-03-13,3.12,16.98,2.52,-0.1,2.38
2013-03-14,2.64,18.04,2.11,-0.1,3.4
2013-03-15,4.58,18.06,2.83,-0.1,3.21
2013-03-16,5.47,17.12,2.88,-0.1,4.48
2013-03-17,1.9,18.24,2.86,-0.1,2.78
2013-03-18,2.14,16.27,3.25,-0.1,2.11
2013-03-19,2.06,16.33,2.15,-0.1,2.47
2013-03-20,2.11,17.19,2.41,-0.1,2.96
2013-03-21,12.6,19.31,3.05,-0.1,7.6
2013-03-22,7.61,17.73,2.86,-0.1,5.18
2013-03-23,7.59,17.23,1.92,-0.1,5.9
2013-03-24,6.0,19.43,3.26,-0.1,5.57
2013-03-25,2.56,17.26,2.79,-0.1,4.03
2013-03-26,4.13,20.3,2.3,-0.1,4.11
2013-03-27,2.58,17.03,2.61,-0.1,2.87
2013-03-28,4.37,16.45,2.24,-0.1,4.79
2013-03-29,8.45,17.48,2.54,-0.1,5.6
2013-03-30,2.14,17.4,2.17,-0.1,3.36
2013-03-31,2.29,16.75,2.78,-0.1,3.06
2013-04-01,7.25,20.86,3.93,0.26,5.89
2013-04-02,3.09,18.13,2.93,0.26,4.15
2013-04-03,3.35,18.33,1.99,0.26,3.31
2013-04-04,5.93,17.23,2.8,0.26,4.98
2013-04-05,2.8,17.11,2.59,0.26,3.11
2013-04-06,4.89,19.04,2.52,0.26,4.3
2013-04-07,2.24,15.82,2.61,0.26,3.38
2013-04-08,2.54,16.47,2.92,0.26,2.91
2013-04-09,2.65,17.56,2.47,0.26,3.29
2013-04-10,3.06,19.49,2.37,0.26,3.86
2013-04-11,3.36,17.43,1.91,0.26,4.39
2013-04-12,6.95,18.39,2.59,0.26,5.45
2013-04-13,5.34,17.94,2.73,0.26,4.61
2013-04-14,5.65,19.47,2.81,0.26,4.17
2013-04-15,2.44,16.02,2.23,0.26,4.07
2013-04-16,2.32,18.81,3.15,0.26,3.17
2013-04-17,4.88,17.7,2.94,0.26,4.29
2013-04-18,2.38,19.06,3.04,0.26,2.97
2013-04-19,5.99,16.97,2.97,0.26,4.93
2013-04-20,4.65,17.99,2.54,0.26,4.62
2013-04-21,3.5,17.85,2.34,0.26,4.16
2013-04-22,10.38,16.77,2.41,0.26,8.04
2013-04-23,12.69,16.44,2.33,0.26,8.81
2013-04-24,4.5,17.29,1.87,0.26,5.76
2013-04-25,6.12,18.14,2.6,0.26,6.07
2013-04-26,2.49,17.08,3.1,0.26,3.56
2013-04-27,3.0,17.6,3.06,0.26,2.94
2013-04-28,2.58,15.73,2.67,0.26,3.63
2013-04-29,2.57,17.55,2.79,0.26,4.26
2013-04-30,3.03,19.23,3.56,0.26,3.06
2013-05-01,4.75,18.85,2.5,0.33,4.56
2013-05-02,3.74,17.9,2.4,0.33,4.13
2013-05-03,3.18,18.29,3.29,0.33,3.99
2013-05-04,2.62,17.0,2.66,0.33,3.14
2013-05-05,3.99,19.95,2.82,0.33,3.5
2013-05-06,3.12,20.47,3.39,0.33,3.62
2013-05-07,5.8,18.19,2.65,0.33,4.47
2013-05-08,4.12,21.1,2.93,0.33,3.06
2013-05-09,2.9,17.17,2.33,0.33,4.42
2013-05-10,5.3,16.48,2.7,0.33,5.05
2013-05-11,2.8,17.12,2.75,0.33,4.28
2013-05-12,8.33,17.7,3.36,0.33,6.39
2013-05-13,2.72,20.73,3.09,0.33,3.64
2013-05-14,3.99,17.61,2.62,0.33,4.19
2013-05-15,4.21,16.91,3.21,0.33,3.86
2013-05-16,4.83,16.86,3.02,0.33,4.57
2013-05-17,14.51,19.29,3.05,0.33,8.98
2013-05-18,5.5,19.11,2.34,0.33,4.67
2013-05-19,2.98,17.32,2.37,0.33,3.79
2013-05-20,5.48,15.65,2.03,0.33,5.91
2013-05-21,3.62,16.53,2.59,0.33,3.6
2013-05-22,7.05,19.94,2.89,0.33,5.24
2013-05-23,4.61,18.69,3.54,0.33,4.82
2013-05-24,3.13,17.93,2.16,0.33,3.9
2013-05-25,2.85,20.08,2.65,0.33,4.03
2013-05-26,3.61,20.17,3.22,0.33,4.46
2013-05-27,3.11,17.76,2.97,0.33,3.96
2013-05-28,4.3,17.77,1.73,0.33,4.28
2013-05-29,2.9,17.08,1.97,0.33,4.47
2013-05-30,3.46,17.42,2.61,0.33,4.28
2013-05-31,3.64,15.96,3.04,0.33,3.87
2013-06-01,3.32,15.94,3.25,0.59,3.56
2013-06-02,12.6,15.64,2.28,0.59,8.46
2013-06-03,3.67,18.99,2.88,0.59,3.94
2013-06-04,3.77,15.8,2.13,0.59,3.47
2013-06-05,2.98,19.99,3.35,0.59,3.96
2013-06-06,3.0,16.76,3.22,0.59,3.9
2013-06-07,4.2,19.7,3.56,0.59,2.84
2013-06-08,2.96,17.15,2.66,0.59,3.84
2013-06-09,3.21,15.69,2.12,0.59,4.66
2013-06-10,3.15,19.09,2.97,0.59,2.96
2013-06-11,3.61,19.21,3.53,0.59,3.52
2013-06-12,2.97,16.42,2.4,0.59,3.39
2013-06-13,3.01,17.08,1.94,0.59,4.41
2013-06-14,3.42,16.37,2.41,0.59,4.19
2013-06-15,3.05,17.29,2.58,0.59,2.95
2013-06-16,4.55,17.54,2.0,0.59,4.39
2013-06-17,3.03,16.96,2.74,0.59,4.48
2013-06-18,4.64,15.18,2.58,0.59,3.8
2013-06-19,3.59,16.64,3.34,0.59,3.44
2013-06-20,3.09,18.15,2.29,0.59,3.68
2013-06-21,11.24,17.03,2.95,0.59,6.9
2013-06-22,5.33,16.86,3.02,0.59,5.45
2013-06-23,4.15,16.11,2.72,0.59,3.86
2013-06-24,3.25,16.47,2.17,0.59,3.09
2013-06-25,3.01,18.87,2.5,0.59,3.3
2013-06-26,3.11,15.78,2.51,0.59,3.89
2013-06-27,3.03,17.98,2.83,0.59,3.01
2013-06-28,5.14,17.15,2.45,0.59,4.63
2013-06-29,3.54,17.36,3.22,0.59,3.84
2013-06-30,4.3,16.15,2.36,0.59,3.49
2013-07-01,4.99,16.58,1.83,0.48,4.33
2013-07-02,6.98,16.97,2.56,0.48,5.65
2013-07-03,3.43,16.32,2.74,0.48,4.11
2013-07-04,15.04,17.31,2.83,0.48,9.2
2013-07-05,3.1,17.43,2.85,0.48,4.0
2013-07-06,3.09,19.46,3.62,0.48,3.53
2013-07-07,4.07,17.15,2.23,0.48,4.79
2013-07-08,3.24,14.49,2.1,0.48,4.3
2013-07-09,6.61,18.15,3.44,0.48,5.15
2013-07-10,3.03,16.48,1.78,0.48,4.27
2013-07-11,3.25,19.11,2.94,0.48,3.61
2013-07-12,3.39,18.42,3.36,0.48,3.96
2013-07-13,4.32,16.02,2.99,0.48,4.47
2013-07-14,3.85,17.46,2.98,0.48,5.18
2013-07-15,3.03,15.85,2.75,0.48,3.45
2013-07-16,3.98,16.53,2.16,0.48,4.11
2013-07-17,4.83,17.31,3.25,0.48,4.01
2013-07-18,5.4,17.8,2.29,0.48,4.34
2013-07-19,4.53,17.5,2.27,0.48,4.25
2013-07-20,2.98,16.48,2.73,0.48,3.94
2013-07-21,2.95,19.34,2.8,0.48,3.89
2013-07-22,2.94,15.89,2.57,0.48,3.67
2013-07-23,3.02,14.36,2.43,0.48,3.4
2013-07-24,6.41,14.56,3.0,0.48,4.8
2013-07-25,3.28,17.99,2.97,0.48,3.12
2013-07-26,4.18,16.1,2.27,0.48,3.88
2013-07-27,4.77,16.35,2.82,0.48,3.67
2013-07-28,7.18,15.47,2.09,0.48,6.39
2013-07-29,3.11,15.54,2.8,0.48,4.55
2013-07-30,2.89,15.11,2.39,0.48,2.61
2013-07-31,4.29,16.58,2.75,0.48,4.28
2013-08-01,2.87,15.87,1.77,0.41,3.82
2013-08-02,3.17,16.47,1.67,0.41,3.93
2013-08-03,5.86,16.32,1.95,0.41,4.79
2013-08-04,3.12,15.37,3.1,0.41,4.0
2013-08-05,3.22,14.09,1.75,0.41,4.04
2013-08-06,3.41,13.96,2.49,0.41,4.24
2013-08-07,3.68,19.41,2.75,0.41,3.4
2013-08-08,3.16,17.52,2.63,0.41,2.82
2013-08-09,3.04,17.32,2.68,0.41,3.62
2013-08-10,4.25,14.86,2.99,0.41,3.42
2013-08-11,6.22,15.65,2.68,0.41,5.49
2013-08-12,2.98,14.63,2.45,0.41,2.41
2013-08-13,2.84,14.0,2.72,0.41,3.06
2013-08-14,3.27,14.83,2.07,0.41,3.32
2013-08-15,5.76,17.1,3.09,0.41,4.44
2013-08-16,5.53,16.48,2.93,0.41,4.71
2013-08-17,3.5,14.28,2.6,0.41,3.89
2013-08-18,10.57,15.03,2.29,0.41,7.63
2013-08-19,8.79,16.27,2.37,0.41,7.01
2013-08-20,4.44,14.66,1.95,0.41,4.63
2013-08-21,4.19,15.4,2.09,0.41,5.62
2013-08-22,4.19,15.76,2.1,0.41,5.25
2013-08-23,2.76,15.71,2.6,0.41,3.55
2013-08-24,4.04,15.52,2.34,0.41,4.28
2013-08-25,2.78,14.4,2.43,0.41,3.51
2013-08-26,3.09,14.49,2.47,0.41,3.95
2013-08-27,3.18,13.76,1.74,0.41,3.47
2013-08-28,5.13,13.21,1.65,0.41,4.54
2013-08-29,2.48,14.92,2.25,0.41,2.41
2013-08-30,6.46,16.01,2.19,0.41,5.25
2013-08-31,7.93,13.34,1.75,0.41,6.92
2013-09-01,2.89,15.3,3.07,0.74,3.54
2013-09-02,3.97,15.88,1.87,0.74,4.3
2013-09-03,2.6,12.71,2.82,0.74,3.61
2013-09-04,4.3,14.56,2.4,0.74,3.8
2013-09-05,5.39,16.83,3.02,0.74,4.68
2013-09-06,2.53,15.49,2.77,0.74,3.84
2013-09-07,3.55,12.55,2.23,0.74,4.09
2013-09-08,8.01,15.56,3.1,0.74,6.31
2013-09-09,7.17,13.85,1.74,0.74,6.5
2013-09-10,2.32,15.55,2.37,0.74,3.87
2013-09-11,2.54,13.86,1.84,0.74,3.34
2013-09-12,4.03,14.6,1.61,0.74,4.22
2013-09-13,2.68,13.99,1.93,0.74,4.65
2013-09-14,2.36,14.62,3.04,0.74,3.38
2013-09-15,2.57,13.91,2.12,0.74,3.55
2013-09-16,4.59,14.3,3.04,0.74,3.71
2013-09-17,2.99,13.13,2.9,0.74,3.37
2013-09-18,2.26,15.11,3.56,0.74,3.22
2013-09-19,2.43,14.71,3.07,0.74,2.98
2013-09-20,2.23,12.53,2.92,0.74,2.58
2013-09-21,2.54,15.64,2.58,0.74,2.86
2013-09-22,2.23,14.22,2.32,0.74,3.46
2013-09-23,3.25,14.6,2.41,0.74,3.61
2013-09-24,4.23,15.3,2.4,0.74,3.99
2013-09-25,2.76,14.76,2.37,0.74,3.27
2013-09-26,2.05,15.75,2.76,0.74,2.0
2013-09-27,4.51,13.98,2.01,0.74,4.0
2013-09-28,6.64,15.55,1.88,0.74,5.48
2013-09-29,5.23,14.44,2.41,0.74,4.14
2013-09-30,2.31,14.88,2.06,0.74,3.52
2013-10-01,6.18,14.74,2.08,0.4,5.23
2013-10-02,4.59,15.73,2.4,0.4,4.58
2013-10-03,7.01,15.09,2.21,0.4,5.49
2013-10-04,1.88,13.68,2.6,0.4,3.34
2013-10-05,2.0,13.42,2.05,0.4,2.28
2013-10-06,1.86,14.12,2.68,0.4,2.74
2013-10-07,1.91,13.25,2.17,0.4,3.15
2013-10-08,3.31,12.89,2.0,0.4,3.62
2013-10-09,1.83,11.58,1.9,0.4,3.29
2013-10-10,1.8,12.27,1.42,0.4,2.71
2013-10-11,23.09,16.5,2.71,0.4,12.87
2013-10-12,4.14,13.32,2.44,0.4,3.55
2013-10-13,7.13,16.38,2.95,0.4,5.6
2013-10-14,1.71,14.57,1.74,0.4,3.66
2013-10-15,11.13,14.01,1.59,0.4,8.48
2013-10-16,2.64,12.26,1.72,0.4,3.35
2013-10-17,1.67,14.06,2.76,0.4,3.83
2013-10-18,4.22,16.32,2.64,0.4,3.95
2013-10-19,1.71,15.91,2.18,0.4,3.22
2013-10-20,1.76,14.36,1.67,0.4,3.05
2013-10-21,2.83,12.65,1.72,0.4,3.99
2013-10-22,3.4,12.87,1.73,0.4,4.08
2013-10-23,2.81,12.99,2.42,0.4,3.88
2013-10-24,1.64,15.55,2.84,0.4,3.72
2013-10-25,4.56,15.97,2.08,0.4,4.56
2013-10-26,9.31,14.24,2.54,0.4,6.37
2013-10-27,10.15,13.64,2.41,0.4,7.54
2013-10-28,1.48,15.86,2.01,0.4,4.23
2013-10-29,1.52,12.83,1.99,0.4,3.5
2013-10-30,1.95,14.06,2.35,0.4,3.68
2013-10-31,4.94,14.56,2.35,0.4,3.83
2013-11-01,1.51,12.97,1.36,0.3,3.38
2013-11-02,1.73,13.24,2.14,0.3,2.88
2013-11-03,1.7,13.15,2.33,0.3,2.53
2013-11-04,4.39,15.71,3.09,0.3,3.96
2013-11-05,1.45,16.31,2.28,0.3,2.73
2013-11-06,3.18,14.15,2.0,0.3,3.23
2013-11-07,2.12,13.69,2.07,0.3,3.05
2013-11-08,1.44,13.3,2.21,0.3,2.43
2013-11-09,12.8,14.03,2.24,0.3,8.61
2013-11-10,1.81,13.37,2.35,0.3,3.04
2013-11-11,8.01,13.92,1.74,0.3,6.37
2013-11-12,9.24,14.54,2.44,0.3,7.29
2013-11-13,1.32,13.57,1.84,0.3,3.35
2013-11-14,1.73,13.83,2.12,0.3,3.11
2013-11-15,7.11,13.85,2.86,0.3,4.55
2013-11-16,1.53,13.7,1.6,0.3,3.41
2013-11-17,1.23,13.56,2.02,0.3,2.35
2013-11-18,1.25,15.01,1.84,0.3,2.72
2013-11-19,1.22,11.98,1.96,0.3,2.82
2013-11-20,1.21,16.01,2.92,0.3,3.08
2013-11-21,1.64,14.29,2.31,0.3,3.49
2013-11-22,1.31,14.88,2.28,0.3,1.87
2013-11-23,2.94,15.03,2.89,0.3,2.27
2013-11-24,3.47,13.32,2.23,0.3,3.5
2013-11-25,2.08,13.09,2.39,0.3,2.7
2013-11-26,1.14,12.96,2.33,0.3,1.47
2013-11-27,1.16,13.92,1.04,0.3,2.31
2013-11-28,2.87,15.07,2.33,0.3,3.11
2013-11-29,1.86,13.55,1.7,0.3,1.82
2013-11-30,2.06,14.99,2.02,0.3,1.92
2013-12-01,14.76,11.44,2.41,0.58,8.13
2013-12-02,2.07,13.84,2.03,0.58,2.68
2013-12-03,1.08,15.72,3.21,0.58,2.56
2013-12-04,1.48,14.13,1.66,0.58,2.28
2013-12-05,1.07,13.36,1.67,0.58,2.21
2013-12-06,1.06,13.59,2.44,0.58,3.11
2013-12-07,1.07,10.76,1.58,0.58,1.57
2013-12-08,10.47,13.2,2.2,0.58,6.09
2013-12-09,2.64,15.71,2.41,0.58,3.15
2013-12-10,1.05,13.76,2.11,0.58,2.58
2013-12-11,1.07,13.93,2.07,0.58,2.22
2013-12-12,1.78,11.71,1.93,0.58,3.22
2013-12-13,4.72,12.57,2.24,0.58,3.79
2013-12-14,5.78,15.98,3.14,0.58,2.99
2013-12-15,5.83,15.32,2.32,0.58,4.33
2013-12-16,1.21,13.04,1.9,0.58,1.94
2013-12-17,1.24,13.87,1.97,0.58,2.84
2013-12-18,1.5,14.62,2.88,0.58,2.46
2013-12-19,7.02,13.24,2.36,0.58,3.93
2013-12-20,2.08,12.3,1.19,0.58,3.42
2013-12-21,5.12,14.54,1.5,0.58,4.59
2013-12-22,1.04,15.44,2.08,0.58,1.91
2013-12-23,3.01,15.49,2.52,0.58,2.8
2013-12-24,2.42,15.86,2.47,0.58,3.25
2013-12-25,1.04,12.97,2.25,0.58,0.95
2013-12-26,1.42,14.94,2.27,0.58,2.22
2013-12-27,1.5,14.57,2.84,0.58,2.38
2013-12-28,1.91,14.82,2.63,0.58,1.97
2013-12-29,2.97,14.7,2.34,0.58,2.88
2013-12-30,1.47,14.19,2.69,0.58,1.79
2013-12-31,2.47,11.39,1.15,0.58,2.14
2014-01-01,1.43,16.44,2.53,0.53,1.29
2014-01-02,2.81,15.47,2.48,0.53,2.69
2014-01-03,1.77,13.32,2.34,0.53,1.54
2014-01-04,6.01,15.7,1.77,0.53,3.28
2014-01-05,2.03,14.63,2.19,0.53,2.16
2014-01-06,1.0,14.69,2.46,0.53,1.35
2014-01-07,1.83,14.31,2.44,0.53,1.25
2014-01-08,1.34,15.9,2.96,0.53,1.54
2014-01-09,9.21,14.33,2.55,0.53,5.74
2014-01-10,1.18,14.01,2.18,0.53,1.74
2014-01-11,2.24,16.72,2.88,0.53,1.48
2014-01-12,1.8,15.18,2.3,0.53,2.14
2014-01-13,1.11,15.25,2.45,0.53,2.06
2014-01-14,3.78,16.29,2.86,0.53,3.74
2014-01-15,1.06,14.69,2.29,0.53,2.23
2014-01-16,3.25,14.96,2.49,0.53,1.93
2014-01-17,1.07,15.92,2.87,0.53,1.89
2014-01-18,2.16,13.74,2.45,0.53,1.99
2014-01-19,6.88,15.89,2.98,0.53,3.46
2014-01-20,2.1,14.75,3.24,0.53,1.9
2014-01-21,2.99,16.72,2.89,0.53,3.2
2014-01-22,1.45,16.38,2.37,0.53,2.2
2014-01-23,2.72,16.26,2.74,0.53,1.58
2014-01-24,1.12,13.87,2.37,0.53,1.43
2014-01-25,6.3,15.7,2.7,0.53,4.05
2014-01-26,3.03,14.45,2.87,0.53,1.41
2014-01-27,1.22,15.85,1.8,0.53,0.8
2014-01-28,1.17,13.15,2.68,0.53,1.52
2014-01-29,9.48,14.12,2.96,0.53,5.41
2014-01-30,2.44,17.43,2.94,0.53,1.18
2014-01-31,1.19,16.48,2.81,0.53,1.78
2014-02-01,1.61,15.64,2.35,0.46,2.29
2014-02-02,1.19,15.01,2.35,0.46,1.38
2014-02-03,1.47,14.84,2.6,0.46,1.54
2014-02-04,1.21,16.41,2.82,0.46,1.66
2014-02-05,7.07,15.79,2.76,0.46,4.37
2014-02-06,3.31,18.1,3.07,0.46,1.53
2014-02-07,1.67,16.05,2.87,0.46,1.14
2014-02-08,3.45,16.38,2.87,0.46,2.24
2014-02-09,1.26,14.68,1.89,0.46,1.17
2014-02-10,10.76,15.94,2.82,0.46,6.8
2014-02-11,1.29,16.62,3.34,0.46,2.0
2014-02-12,2.11,16.0,2.49,0.46,1.5
2014-02-13,1.31,15.89,3.08,0.46,1.48
2014-02-14,4.21,16.9,2.27,0.46,3.62
2014-02-15,2.96,18.36,2.84,0.46,2.02
2014-02-16,1.74,16.75,2.36,0.46,2.27
2014-02-17,2.14,17.98,3.35,0.46,2.45
2014-02-18,2.61,17.39,3.36,0.46,2.55
2014-02-19,2.63,17.98,2.76,0.46,2.17
2014-02-20,5.65,15.98,2.96,0.46,4.15
2014-02-21,10.4,16.49,3.23,0.46,5.66
2014-02-22,2.22,16.53,2.57,0.46,3.51
2014-02-23,5.98,17.46,2.77,0.46,4.17
2014-02-24,3.75,17.79,3.06,0.46,3.54
2014-02-25,3.54,17.02,2.32,0.46,2.87
2014-02-26,1.67,17.95,2.84,0.46,2.25
2014-02-27,6.55,16.25,3.39,0.46,4.5
2014-02-28,1.59,18.02,2.6,0.46,1.6
2014-03-01,4.0,18.21,3.17,0.39,2.59
2014-03-02,2.17,17.83,2.98,0.39,2.1
2014-03-03,2.26,17.21,2.62,0.39,2.85
2014-03-04,1.59,17.93,2.88,0.39,0.93
2014-03-05,4.08,16.03,3.21,0.39,2.78
2014-03-06,2.61,17.37,2.93,0.39,2.96
2014-03-07,3.74,17.52,3.01,0.39,2.22
2014-03-08,13.92,15.59,3.08,0.39,8.59
2014-03-09,23.99,17.79,2.65,0.39,12.98
2014-03-10,9.63,15.75,2.04,0.39,6.73
2014-03-11,3.26,16.76,3.32,0.39,3.78
2014-03-12,7.16,17.34,2.76,0.39,6.84
2014-03-13,2.31,16.45,2.92,0.39,3.19
2014-03-14,2.5,17.45,2.41,0.39,2.77
2014-03-15,1.86,17.45,2.87,0.39,2.43
2014-03-16,1.79,16.41,2.12,0.39,3.64
2014-03-17,1.91,18.1,2.84,0.39,2.29
2014-03-18,5.4,16.53,2.32,0.39,5.37
2014-03-19,3.29,20.22,2.78,0.39,3.67
2014-03-20,2.22,17.36,2.58,0.39,3.1
2014-03-21,3.06,16.11,1.6,0.39,3.86
2014-03-22,2.09,16.36,2.09,0.39,2.68
2014-03-23,2.79,18.94,3.25,0.39,3.15
2014-03-24,6.84,17.09,2.8,0.39,4.58
2014-03-25,3.18,15.97,2.07,0.39,4.29
2014-03-26,5.61,18.65,3.12,0.39,4.04
2014-03-27,10.43,17.14,2.32,0.39,7.46
2014-03-28,3.05,18.45,3.16,0.39,3.02
2014-03-29,3.03,18.8,2.87,0.39,3.27
2014-03-30,2.16,18.03,2.67,0.39,2.92
2014-03-31,5.96,20.59,3.15,0.39,6.31
2014-04-01,2.44,15.67,3.47,0.42,3.01
2014-04-02,2.16,16.77,2.31,0.42,2.68
2014-04-03,2.89,17.46,2.81,0.42,3.04
2014-04-04,2.71,20.5,3.49,0.42,2.2
2014-04-05,2.39,19.96,2.71,0.42,2.85
2014-04-06,2.17,19.36,2.37,0.42,3.77
2014-04-07,5.69,16.88,2.39,0.42,4.72
2014-04-08,4.71,17.03,2.96,0.42,4.44
2014-04-09,5.89,16.86,2.49,0.42,4.26
2014-04-10,3.15,16.93,2.55,0.42,3.3
2014-04-11,2.58,19.67,3.41,0.42,2.97
2014-04-12,2.68,17.6,2.42,0.42,2.74
2014-04-13,2.3,17.77,2.73,0.42,2.99
2014-04-14,8.29,18.84,2.32,0.42,6.16
2014-04-15,3.07,15.93,2.62,0.42,3.59
2014-04-16,2.39,17.99,2.89,0.42,2.8
2014-04-17,2.53,16.62,2.91,0.42,3.42
2014-04-18,2.35,17.59,2.28,0.42,2.77
2014-04-19,2.61,17.25,2.61,0.42,2.72
2014-04-20,2.59,17.2,2.17,0.42,3.67
2014-04-21,2.83,18.24,2.74,0.42,2.34
2014-04-22,8.75,18.24,3.43,0.42,4.81
2014-04-23,4.66,17.72,2.63,0.42,3.55
2014-04-24,2.55,18.43,2.32,0.42,3.22
2014-04-25,2.77,16.95,2.37,0.42,3.73
2014-04-26,6.94,18.81,2.28,0.42,4.84
2014-04-27,3.77,17.75,2.24,0.42,4.61
2014-04-28,4.53,17.42,2.98,0.42,3.92
2014-04-29,2.67,17.04,2.08,0.42,3.16
2014-04-30,15.96,17.71,2.88,0.42,9.22
2014-05-01,3.24,20.24,3.15,0.69,4.57
2014-05-02,2.58,17.92,2.58,0.69,3.29
2014-05-03,2.77,16.63,2.68,0.69,2.7
2014-05-04,3.74,19.1,2.59,0.69,5.03
2014-05-05,2.61,17.43,3.05,0.69,3.33
2014-05-06,2.75,18.33,2.57,0.69,3.65
2014-05-07,5.58,17.26,2.53,0.69,5.4
2014-05-08,3.26,19.52,2.83,0.69,3.75
2014-05-09,7.8,17.27,2.97,0.69,6.03
2014-05-10,2.85,19.65,3.27,0.69,3.26
2014-05-11,2.85,16.71,1.56,0.69,3.95
2014-05-12,2.73,17.61,2.84,0.69,3.17
2014-05-13,3.41,19.64,2.35,0.69,3.57
2014-05-14,2.74,18.15,2.69,0.69,3.22
2014-05-15,10.01,20.67,3.16,0.69,6.27
2014-05-16,4.84,17.61,2.6,0.69,4.6
2014-05-17,3.47,18.24,3.04,0.69,3.86
2014-05-18,2.84,20.2,3.42,0.69,3.59
2014-05-19,4.14,16.09,2.2,0.69,4.35
2014-05-20,6.29,15.93,2.17,0.69,6.08
2014-05-21,3.22,16.93,2.63,0.69,4.11
2014-05-22,3.13,18.85,2.31,0.69,3.47
2014-05-23,5.53,15.93,2.3,0.69,4.92
2014-05-24,3.56,18.57,3.42,0.69,4.25
2014-05-25,2.98,18.47,2.27,0.69,3.03
2014-05-26,3.34,20.24,3.0,0.69,4.47
2014-05-27,2.87,19.06,2.72,0.69,2.88
2014-05-28,2.91,18.23,3.64,0.69,3.47
2014-05-29,5.78,19.41,2.8,0.69,4.54
2014-05-30,3.25,18.41,2.67,0.69,3.39
2014-05-31,2.9,17.19,2.27,0.69,2.67
2014-06-01,8.94,16.35,2.56,0.92,6.39
2014-06-02,4.26,17.03,2.76,0.92,3.3
2014-06-03,2.94,17.64,2.39,0.92,2.7
2014-06-04,3.37,17.88,3.18,0.92,3.98
2014-06-05,3.71,15.09,2.47,0.92,4.57
2014-06-06,8.36,17.37,3.05,0.92,5.33
2014-06-07,7.87,17.65,2.62,0.92,6.18
2014-06-08,5.57,18.25,2.93,0.92,5.09
2014-06-09,12.17,19.52,2.94,0.92,7.7
2014-06-10,4.72,17.77,3.35,0.92,5.19
2014-06-11,7.86,16.44,2.61,0.92,6.03
2014-06-12,7.06,15.32,2.4,0.92,6.17
2014-06-13,5.36,18.31,2.66,0.92,4.54
2014-06-14,12.35,16.42,2.36,0.92,7.84
2014-06-15,4.33,18.48,2.97,0.92,5.5
2014-06-16,3.1,19.09,3.29,0.92,4.52
2014-06-17,3.25,15.53,2.16,0.92,4.41
2014-06-18,6.59,18.03,2.85,0.92,6.74
2014-06-19,3.18,18.89,3.01,0.92,5.19
2014-06-20,8.06,18.53,3.02,0.92,6.61
2014-06-21,3.04,14.77,1.63,0.92,3.79
2014-06-22,3.26,16.23,2.17,0.92,4.38
2014-06-23,3.39,15.69,1.91,0.92,4.09
2014-06-24,3.04,17.83,2.79,0.92,4.14
2014-06-25,3.82,17.67,2.39,0.92,4.0
2014-06-26,3.87,13.91,1.99,0.92,3.95
2014-06-27,3.28,16.76,2.14,0.92,3.09
2014-06-28,11.63,18.05,2.65,0.92,7.96
2014-06-29,3.04,17.24,2.24,0.92,3.15
2014-06-30,3.02,17.21,2.98,0.92,3.89
2014-07-01,4.06,16.56,2.78,0.93,4.84
2014-07-02,4.95,15.7,2.52,0.93,4.56
2014-07-03,12.73,16.92,2.52,0.93,7.94
2014-07-04,5.1,16.97,1.83,0.93,5.42
2014-07-05,6.53,17.62,2.56,0.93,5.53
2014-07-06,5.33,17.69,2.45,0.93,5.57
2014-07-07,5.98,16.92,2.74,0.93,5.19
2014-07-08,3.02,18.1,3.06,0.93,4.26
2014-07-09,12.05,16.31,2.68,0.93,8.26
2014-07-10,4.09,14.99,2.85,0.93,5.01
2014-07-11,3.47,17.26,2.46,0.93,5.58
2014-07-12,3.18,16.81,2.38,0.93,4.68
2014-07-13,2.98,17.22,3.1,0.93,4.5
2014-07-14,4.26,15.08,2.43,0.93,4.58
2014-07-15,4.8,18.71,2.81,0.93,5.14
2014-07-16,3.65,17.38,3.45,0.93,4.21
2014-07-17,2.96,16.15,2.75,0.93,4.13
2014-07-18,2.95,15.34,2.32,0.93,4.46
2014-07-19,4.91,17.72,2.48,0.93,4.68
2014-07-20,12.24,15.07,2.89,0.93,7.99
2014-07-21,4.24,19.07,3.04,0.93,4.52
2014-07-22,4.22,15.59,2.45,0.93,4.6
2014-07-23,3.66,18.36,3.12,0.93,4.5
2014-07-24,3.64,16.04,2.86,0.93,4.22
2014-07-25,5.05,18.12,3.04,0.93,5.7
2014-07-26,6.03,15.31,2.75,0.93,6.8
2014-07-27,5.41,16.18,2.71,0.93,4.94
2014-07-28,3.17,17.09,2.88,0.93,4.32
2014-07-29,12.17,16.88,2.34,0.93,8.85
2014-07-30,3.76,17.37,3.43,0.93,4.39
2014-07-31,3.53,15.43,1.92,0.93,4.19
2014-08-01,3.18,16.08,2.64,1.2,5.14
2014-08-02,6.41,17.45,2.18,1.2,6.04
2014-08-03,4.93,15.07,2.32,1.2,5.25
2014-08-04,4.67,16.57,2.36,1.2,5.69
2014-08-05,15.07,15.58,2.49,1.2,9.81
2014-08-06,5.43,16.06,2.65,1.2,5.57
2014-08-07,3.0,15.88,2.1,1.2,4.17
2014-08-08,3.49,14.8,2.31,1.2,4.5
2014-08-09,3.29,15.4,2.97,1.2,5.06
2014-08-10,4.26,15.85,1.95,1.2,5.36
2014-08-11,6.49,15.52,2.09,1.2,5.83
2014-08-12,5.07,17.49,3.07,1.2,6.04
2014-08-13,4.76,16.78,2.65,1.2,5.02
2014-08-14,13.5,15.89,2.54,1.2,9.38
2014-08-15,4.31,14.59,2.7,1.2,5.29
2014-08-16,3.22,14.48,1.95,1.2,5.79
2014-08-17,2.7,17.81,2.56,1.2,4.78
2014-08-18,2.64,14.19,1.97,1.2,4.42
2014-08-19,2.63,15.51,2.29,1.2,4.15
2014-08-20,5.08,15.77,3.0,1.2,5.05
2014-08-21,5.02,14.94,1.66,1.2,4.95
2014-08-22,11.29,14.07,1.73,1.2,7.34
2014-08-23,2.65,14.3,1.7,1.2,4.69
2014-08-24,3.62,14.56,2.84,1.2,4.36
2014-08-25,10.91,14.33,2.0,1.2,7.62
2014-08-26,2.92,16.74,2.48,1.2,4.51
2014-08-27,2.58,15.11,1.72,1.2,4.51
2014-08-28,2.58,14.46,2.16,1.2,4.3
2014-08-29,4.82,15.19,2.72,1.2,5.92
2014-08-30,3.03,15.83,2.58,1.2,4.63
2014-08-31,6.38,14.58,2.24,1.2,6.8
2014-09-01,3.64,16.05,1.88,1.28,4.45
2014-09-02,3.47,13.41,1.98,1.28,4.92
2014-09-03,7.75,16.32,2.61,1.28,5.98
2014-09-04,3.02,14.87,1.93,1.28,4.12
2014-09-05,3.45,14.79,2.58,1.28,5.46
2014-09-06,4.28,13.99,2.55,1.28,4.3
2014-09-07,2.53,13.32,1.89,1.28,2.94
2014-09-08,2.8,12.77,2.31,1.28,3.65
2014-09-09,2.48,13.83,2.13,1.28,2.83
2014-09-10,3.45,15.42,2.87,1.28,3.54
2014-09-11,2.35,13.54,2.94,1.28,3.05
2014-09-12,3.39,12.81,1.58,1.28,4.14
2014-09-13,3.23,13.55,2.44,1.28,2.82
2014-09-14,2.69,14.15,2.74,1.28,4.1
2014-09-15,2.23,14.17,1.84,1.28,2.49
2014-09-16,2.33,14.41,2.03,1.28,3.3
2014-09-17,2.3,15.78,2.23,1.28,3.08
2014-09-18,2.33,16.02,2.45,1.28,3.56
2014-09-19,7.86,16.9,2.49,1.28,5.59
2014-09-20,2.84,12.52,1.9,1.28,4.15
2014-09-21,12.32,13.42,2.45,1.28,7.24
2014-09-22,2.1,15.27,1.63,1.28,3.33
2014-09-23,2.11,13.86,1.79,1.28,3.66
2014-09-24,2.45,15.42,2.68,1.28,3.85
2014-09-25,4.26,14.62,2.51,1.28,4.48
2014-09-26,2.49,16.24,2.11,1.28,3.56
2014-09-27,2.99,15.58,2.66,1.28,3.55
2014-09-28,3.07,15.58,2.97,1.28,3.34
2014-09-29,1.99,13.8,2.15,1.28,3.23
2014-09-30,1.96,14.16,1.82,1.28,4.03
2014-10-01,2.9,13.89,2.53,1.5,3.04
2014-10-02,1.94,12.43,2.65,1.5,2.53
2014-10-03,3.28,15.99,2.14,1.5,3.06
2014-10-04,2.07,15.1,2.38,1.5,2.92
2014-10-05,1.89,13.78,2.6,1.5,1.48
2014-10-06,1.88,15.74,2.51,1.5,2.42
2014-10-07,2.29,13.41,1.41,1.5,3.25
2014-10-08,4.26,11.95,2.07,1.5,3.19
2014-10-09,6.7,15.35,2.01,1.5,4.58
2014-10-10,1.88,12.59,1.48,1.5,3.82
2014-10-11,2.04,13.88,1.49,1.5,2.94
2014-10-12,3.04,14.35,2.73,1.5,1.77
2014-10-13,1.98,14.56,1.95,1.5,1.88
2014-10-14,1.74,15.1,2.5,1.5,2.2
2014-10-15,1.89,14.77,2.55,1.5,1.91
2014-10-16,2.07,14.72,2.37,1.5,2.41
2014-10-17,5.26,13.11,2.18,1.5,3.5
2014-10-18,8.73,14.4,2.41,1.5,5.66
2014-10-19,2.13,12.23,1.99,1.5,2.14
2014-10-20,2.23,15.91,2.18,1.5,2.54
2014-10-21,6.36,12.35,1.61,1.5,4.49
2014-10-22,5.7,13.61,2.1,1.5,4.31
2014-10-23,4.48,12.44,1.91,1.5,3.84
2014-10-24,9.91,13.14,2.24,1.5,4.73
2014-10-25,1.8,14.03,2.64,1.5,2.84
2014-10-26,1.8,13.37,2.24,1.5,2.72
2014-10-27,3.97,15.38,2.08,1.5,4.06
2014-10-28,3.48,14.27,1.37,1.5,3.95
2014-10-29,2.27,13.45,1.81,1.5,3.13
2014-10-30,6.3,13.84,1.64,1.5,4.79
2014-10-31,12.82,15.46,2.13,1.5,7.95
2014-11-01,5.1,15.09,2.46,1.24,5.08
2014-11-02,3.73,12.63,2.03,1.24,4.18
2014-11-03,4.87,13.19,2.82,1.24,5.42
2014-11-04,3.62,14.58,2.48,1.24,3.58
2014-11-05,1.5,14.43,3.03,1.24,2.26
2014-11-06,3.18,12.75,2.3,1.24,3.6
2014-11-07,1.47,14.91,2.77,1.24,2.55
2014-11-08,1.99,12.95,1.9,1.24,1.81
2014-11-09,2.66,15.59,2.01,1.24,2.91
2014-11-10,2.12,14.67,2.12,1.24,3.11
2014-11-11,1.59,12.68,2.0,1.24,2.65
2014-11-12,9.54,13.41,1.86,1.24,5.65
2014-11-13,2.87,13.4,1.71,1.24,3.46
2014-11-14,1.38,14.25,2.4,1.24,2.69
2014-11-15,4.32,13.82,1.77,1.24,4.28
2014-11-16,1.37,12.7,1.39,1.24,2.45
2014-11-17,1.64,12.41,1.51,1.24,3.22
2014-11-18,2.85,14.76,2.22,1.24,2.54
2014-11-19,8.29,14.45,1.87,1.24,5.21
2014-11-20,3.1,14.25,2.15,1.24,4.21
2014-11-21,1.55,14.46,2.51,1.24,2.08
2014-11-22,1.21,13.4,2.34,1.24,2.06
2014-11-23,3.75,14.38,1.99,1.24,2.84
2014-11-24,2.23,17.22,2.16,1.24,2.37
2014-11-25,5.41,15.6,2.21,1.24,4.16
2014-11-26,2.13,13.85,2.44,1.24,3.06
2014-11-27,1.41,13.59,2.49,1.24,2.32
2014-11-28,6.45,10.8,1.86,1.24,4.37
2014-11-29,2.04,15.53,2.91,1.24,1.92
2014-11-30,4.74,15.21,3.07,1.24,3.22
2014-12-01,1.68,13.63,1.95,1.68,1.75
2014-12-02,2.16,12.58,2.58,1.68,2.89
2014-12-03,4.72,12.93,1.94,1.68,3.99
2014-12-04,3.69,14.87,2.74,1.68,3.07
2014-12-05,1.79,14.25,2.52,1.68,2.61
2014-12-06,2.07,15.21,1.59,1.68,3.05
2014-12-07,3.43,14.5,1.89,1.68,3.09
2014-12-08,1.65,15.58,1.95,1.68,3.05
2014-12-09,1.04,14.88,1.62,1.68,1.6
2014-12-10,1.93,15.46,2.77,1.68,1.99
2014-12-11,1.03,11.98,2.72,1.68,1.66
2014-12-12,1.78,13.02,1.95,1.68,2.46
2014-12-13,1.27,14.09,2.56,1.68,1.06
2014-12-14,1.78,15.85,3.07,1.68,2.53
2014-12-15,1.82,16.83,2.71,1.68,2.11
2014-12-16,2.11,14.4,2.25,1.68,2.86
2014-12-17,6.17,13.89,2.09,1.68,3.55
2014-12-18,2.76,12.31,2.16,1.68,2.07
2014-12-19,1.0,15.71,2.81,1.68,2.02
2014-12-20,2.15,14.04,2.39,1.68,2.51
2014-12-21,13.79,18.28,3.01,1.68,6.02
2014-12-22,4.46,13.87,2.16,1.68,2.3
2014-12-23,2.56,17.31,2.06,1.68,1.71
2014-12-24,2.86,15.71,2.82,1.68,2.7
2014-12-25,3.55,13.6,1.63,1.68,3.82
2014-12-26,3.27,15.15,2.62,1.68,2.11
2014-12-27,8.93,15.82,2.78,1.68,4.79
2014-12-28,1.03,14.65,1.84,1.68,2.06
2014-12-29,1.01,15.96,2.25,1.68,3.07
2014-12-30,1.02,15.96,3.34,1.68,3.16
2014-12-31,2.22,15.73,2.43,1.68,2.55
2015-01-01,1.31,15.02,1.87,1.73,2.5
2015-01-02,1.05,13.66,2.47,1.73,2.28
2015-01-03,1.12,15.01,2.04,1.73,1.17
2015-01-04,1.17,15.35,1.63,1.73,2.18
2015-01-05,1.05,12.91,2.25,1.73,1.14
2015-01-06,3.82,15.4,2.04,1.73,2.57
2015-01-07,3.28,15.11,2.5,1.73,2.97
2015-01-08,2.32,13.7,1.83,1.73,2.21
2015-01-09,3.1,14.89,2.62,1.73,2.86
2015-01-10,17.28,14.95,2.42,1.73,8.44
2015-01-11,1.15,17.67,1.72,1.73,1.38
2015-01-12,1.47,15.65,2.6,1.73,1.05
2015-01-13,1.22,16.67,2.48,1.73,2.58
2015-01-14,2.55,15.31,2.96,1.73,2.93
2015-01-15,2.3,13.24,2.24,1.73,2.46
2015-01-16,3.69,16.33,2.85,1.73,2.91
2015-01-17,1.07,14.77,2.03,1.73,2.33
2015-01-18,1.65,15.19,2.06,1.73,2.46
2015-01-19,2.23,14.36,2.24,1.73,2.01
2015-01-20,4.44,15.74,2.32,1.73,3.45
2015-01-21,1.99,16.97,3.18,1.73,1.74
2015-01-22,3.56,16.84,2.57,1.73,2.7
2015-01-23,6.09,17.66,2.26,1.73,3.73
2015-01-24,1.26,17.87,2.45,1.73,1.42
2015-01-25,1.57,13.37,2.49,1.73,1.52
2015-01-26,1.26,14.43,2.2,1.73,2.89
2015-01-27,5.88,13.73,2.07,1.73,3.06
2015-01-28,1.14,16.69,3.03,1.73,1.94
2015-01-29,12.94,15.13,2.0,1.73,6.56
2015-01-30,13.44,15.41,1.52,1.73,6.91
2015-01-31,1.49,15.77,2.13,1.73,2.95
2015-02-01,3.32,16.53,2.68,1.04,3.42
2015-02-02,1.9,14.32,2.15,1.04,2.28
2015-02-03,4.74,14.63,1.67,1.04,4.29
2015-02-04,5.01,16.17,2.93,1.04,3.64
2015-02-05,1.4,17.64,2.81,1.04,3.24
2015-02-06,1.88,16.21,2.69,1.04,2.73
2015-02-07,1.57,15.32,2.57,1.04,1.98
2015-02-08,1.25,13.73,1.64,1.04,2.49
2015-02-09,2.86,17.49,2.84,1.04,2.24
2015-02-10,7.91,15.49,2.79,1.04,5.06
2015-02-11,8.65,15.03,2.81,1.04,5.3
2015-02-12,1.33,14.39,2.55,1.04,1.98
2015-02-13,1.33,14.75,2.52,1.04,1.89
2015-02-14,5.19,15.36,1.71,1.04,5.34
2015-02-15,2.13,16.26,2.53,1.04,2.69
2015-02-16,2.49,15.13,1.99,1.04,2.65
2015-02-17,2.26,16.83,3.14,1.04,2.17
2015-02-18,1.38,16.35,3.0,1.04,2.34
2015-02-19,2.63,19.34,2.62,1.04,2.29
2015-02-20,11.14,14.66,2.28,1.04,5.9
2015-02-21,2.51,16.93,2.74,1.04,2.77
2015-02-22,1.7,16.98,3.01,1.04,2.3
2015-02-23,1.45,15.57,1.76,1.04,2.19
2015-02-24,10.68,16.95,1.76,1.04,6.01
2015-02-25,6.45,17.79,2.78,1.04,4.42
2015-02-26,5.68,17.01,1.64,1.04,4.38
2015-02-27,1.67,18.59,2.95,1.04,2.31
2015-02-28,1.54,14.34,2.49,1.04,2.71
2015-03-01,6.12,15.98,2.99,1.46,5.35
2015-03-02,1.6,18.79,2.67,1.46,3.2
2015-03-03,1.59,18.14,2.89,1.46,3.37
2015-03-04,6.17,17.72,3.02,1.46,3.87
2015-03-05,1.6,18.58,2.42,1.46,3.33
2015-03-06,2.67,14.83,2.69,1.46,2.91
2015-03-07,1.7,18.12,2.93,1.46,2.8
2015-03-08,4.27,18.47,2.63,1.46,3.57
2015-03-09,4.76,16.43,2.62,1.46,3.4
2015-03-10,2.77,20.4,3.1,1.46,3.05
2015-03-11,1.83,17.51,3.04,1.46,2.53
2015-03-12,8.15,14.67,2.16,1.46,4.09
2015-03-13,12.94,17.78,2.86,1.46,6.9
2015-03-14,1.99,16.49,2.32,1.46,3.37
2015-03-15,3.68,18.77,2.54,1.46,3.64
2015-03-16,4.58,18.06,2.88,1.46,4.03
2015-03-17,2.71,16.71,2.25,1.46,2.79
2015-03-18,1.91,19.25,3.31,1.46,2.71
2015-03-19,3.28,18.6,3.13,1.46,3.04
2015-03-20,4.39,16.5,2.27,1.46,3.59
2015-03-21,2.07,17.33,2.79,1.46,2.32
2015-03-22,6.52,18.16,2.52,1.46,4.92
2015-03-23,2.27,17.12,2.03,1.46,3.1
2015-03-24,4.42,17.18,2.44,1.46,3.8
2015-03-25,2.1,17.65,2.73,1.46,3.72
2015-03-26,3.04,16.34,2.76,1.46,3.24
2015-03-27,2.49,14.96,2.4,1.46,3.42
2015-03-28,2.12,17.95,3.16,1.46,2.6
2015-03-29,2.11,15.29,2.0,1.46,2.45
2015-03-30,5.66,16.51,2.43,1.46,3.42
2015-03-31,2.05,15.59,3.1,1.46,2.53
2015-04-01,2.94,15.76,1.69,1.46,1.66
2015-04-02,10.05,18.26,2.66,1.46,5.83
2015-04-03,4.86,17.5,2.3,1.46,4.04
2015-04-04,2.38,17.47,2.64,1.46,2.73
2015-04-05,2.13,16.22,2.36,1.46,2.7
2015-04-06,2.52,17.03,2.89,1.46,2.11
2015-04-07,3.75,18.28,2.94,1.46,3.86
2015-04-08,3.63,17.78,2.24,1.46,3.09
2015-04-09,2.34,18.84,2.69,1.46,2.16
2015-04-10,2.6,19.03,2.95,1.46,2.92
2015-04-11,6.59,17.58,3.03,1.46,4.27
2015-04-12,3.61,15.67,3.42,1.46,2.84
2015-04-13,6.56,16.99,2.93,1.46,4.07
2015-04-14,2.64,17.8,2.36,1.46,2.91
2015-04-15,2.31,16.99,2.61,1.46,3.36
2015-04-16,8.13,16.67,2.67,1.46,5.24
2015-04-17,2.38,18.02,2.6,1.46,2.82
2015-04-18,2.93,20.86,3.42,1.46,3.26
2015-04-19,7.0,17.37,1.8,1.46,4.79
2015-04-20,4.25,17.96,3.02,1.46,3.74
2015-04-21,3.52,16.39,2.37,1.46,3.45
2015-04-22,2.5,19.47,2.98,1.46,3.12
2015-04-23,2.44,19.03,3.54,1.46,2.41
2015-04-24,3.16,18.95,2.44,1.46,2.51
2015-04-25,2.89,19.62,3.15,1.46,3.26
2015-04-26,2.6,17.48,3.04,1.46,3.42
2015-04-27,2.6,17.63,2.81,1.46,2.12
2015-04-28,9.62,20.05,2.46,1.46,5.65
2015-04-29,3.51,18.76,3.45,1.46,2.86
2015-04-30,3.69,15.34,2.32,1.46,3.8
2015-05-01,6.84,18.55,2.67,1.36,4.75
2015-05-02,6.06,17.3,2.57,1.36,6.09
2015-05-03,7.9,19.08,2.81,1.36,5.07
2015-05-04,5.84,18.49,2.4,1.36,5.36
2015-05-05,2.94,15.91,2.55,1.36,4.23
2015-05-06,3.73,18.32,2.61,1.36,3.95
2015-05-07,2.93,18.24,3.1,1.36,3.25
2015-05-08,3.57,18.42,3.07,1.36,3.5
2015-05-09,7.71,18.67,3.55,1.36,5.05
2015-05-10,2.68,19.77,2.98,1.36,3.75
2015-05-11,4.3,18.47,2.55,1.36,3.45
2015-05-12,2.77,17.99,2.21,1.36,3.24
2015-05-13,3.39,19.34,3.88,1.36,3.05
2015-05-14,5.68,20.64,3.46,1.36,3.32
2015-05-15,4.17,19.04,2.68,1.36,4.19
2015-05-16,8.54,18.18,3.5,1.36,5.95
2015-05-17,2.81,18.45,3.41,1.36,2.87
2015-05-18,3.52,18.22,2.29,1.36,4.16
2015-05-19,5.84,17.93,2.49,1.36,3.77
2015-05-20,2.82,20.49,3.12,1.36,3.24
2015-05-21,6.01,16.99,2.22,1.36,4.63
2015-05-22,5.47,19.26,2.95,1.36,4.43
2015-05-23,5.37,17.71,3.04,1.36,4.41
2015-05-24,3.06,16.07,1.96,1.36,3.62
2015-05-25,6.01,17.61,2.86,1.36,4.47
2015-05-26,4.73,17.17,3.14,1.36,4.08
2015-05-27,4.84,18.5,3.04,1.36,4.88
2015-05-28,2.95,17.9,2.75,1.36,3.2
2015-05-29,2.89,16.55,2.32,1.36,4.62
2015-05-30,3.4,19.53,3.36,1.36,3.12
2015-05-31,5.46,19.05,2.49,1.36,4.56
2015-06-01,2.93,19.63,3.14,1.21,3.6
2015-06-02,2.91,17.99,2.81,1.21,3.17
2015-06-03,3.17,17.65,3.2,1.21,3.99
2015-06-04,6.08,18.52,2.64,1.21,4.89
2015-06-05,2.94,16.96,2.44,1.21,3.28
2015-06-06,3.24,17.79,2.27,1.21,4.19
2015-06-07,3.05,17.4,2.89,1.21,2.76
2015-06-08,5.89,15.84,2.31,1.21,4.29
2015-06-09,4.2,17.72,2.41,1.21,4.17
2015-06-10,3.33,17.02,2.35,1.21,3.94
2015-06-11,3.08,17.24,2.9,1.21,3.45
2015-06-12,7.79,17.94,2.35,1.21,5.33
2015-06-13,7.1,19.01,2.55,1.21,5.07
2015-06-14,5.06,16.44,2.92,1.21,4.91
2015-06-15,7.84,17.03,2.59,1.21,5.75
2015-06-16,5.01,16.49,2.96,1.21,4.03
2015-06-17,4.02,16.39,2.41,1.21,3.7
2015-06-18,4.79,16.65,2.6,1.21,5.2
2015-06-19,3.99,17.1,2.73,1.21,3.72
2015-06-20,3.17,18.01,3.36,1.21,3.71
2015-06-21,3.14,17.67,3.27,1.21,4.19
2015-06-22,3.64,15.99,2.96,1.21,4.01
2015-06-23,11.25,18.78,2.67,1.21,6.67
2015-06-24,3.42,18.34,2.46,1.21,3.47
2015-06-25,3.2,16.09,2.82,1.21,4.69
2015-06-26,3.38,18.62,3.44,1.21,3.13
2015-06-27,3.88,17.51,3.19,1.21,3.59
2015-06-28,3.34,16.9,2.64,1.21,3.9
2015-06-29,4.23,17.49,3.01,1.21,3.87
2015-06-30,12.6,17.0,2.95,1.21,7.88
2015-07-01,9.8,17.66,2.81,1.32,5.89
2015-07-02,4.65,17.2,2.76,1.32,4.55
2015-07-03,3.3,16.54,2.62,1.32,4.45
2015-07-04,3.43,14.48,1.96,1.32,4.58
2015-07-05,3.47,17.51,2.45,1.32,3.83
2015-07-06,3.12,16.4,2.28,1.32,3.45
2015-07-07,3.3,17.75,2.12,1.32,4.13
2015-07-08,3.38,17.37,2.76,1.32,3.22
2015-07-09,7.69,16.34,2.53,1.32,6.34
2015-07-10,3.05,17.95,3.1,1.32,3.82
2015-07-11,3.68,16.94,3.14,1.32,3.58
2015-07-12,8.96,16.86,3.16,1.32,5.57
2015-07-13,5.12,16.46,3.14,1.32,4.33
2015-07-14,4.35,18.61,2.59,1.32,3.66
2015-07-15,6.86,15.7,1.88,1.32,5.88
2015-07-16,8.65,16.14,2.89,1.32,5.86
2015-07-17,3.05,15.01,2.9,1.32,4.24
2015-07-18,2.95,17.33,3.32,1.32,4.1
2015-07-19,4.86,15.73,2.65,1.32,5.18
2015-07-20,2.99,15.83,1.68,1.32,4.24
2015-07-21,2.95,15.74,2.61,1.32,4.42
2015-07-22,5.93,16.4,2.78,1.32,5.7
2015-07-23,3.24,14.79,2.82,1.32,4.04
2015-07-24,7.97,13.57,2.71,1.32,6.02
2015-07-25,3.79,16.77,2.98,1.32,3.89
2015-07-26,5.47,13.65,1.91,1.32,4.56
2015-07-27,3.52,17.18,2.27,1.32,4.85
2015-07-28,3.52,17.99,3.01,1.32,4.31
2015-07-29,3.97,15.89,2.17,1.32,4.67
2015-07-30,3.33,17.61,3.33,1.32,3.49
2015-07-31,2.92,15.99,1.82,1.32,4.69
2015-08-01,2.87,17.9,3.01,1.1,3.47
2015-08-02,3.31,15.4,2.54,1.1,3.41
2015-08-03,3.06,13.08,1.98,1.1,3.5
2015-08-04,9.68,15.78,2.1,1.1,7.42
2015-08-05,2.95,17.89,1.96,1.1,3.35
2015-08-06,4.23,16.45,2.36,1.1,3.96
2015-08-07,2.87,15.16,2.17,1.1,5.21
2015-08-08,3.95,16.14,2.97,1.1,4.49
2015-08-09,3.21,16.87,2.32,1.1,3.44
2015-08-10,3.01,15.57,2.62,1.1,3.07
2015-08-11,3.4,18.79,2.4,1.1,2.94
2015-08-12,10.48,14.99,2.54,1.1,6.89
2015-08-13,2.93,16.78,1.72,1.1,4.28
2015-08-14,5.51,16.45,3.41,1.1,5.4
2015-08-15,2.69,14.67,2.24,1.1,2.73
2015-08-16,4.42,14.96,1.23,1.1,3.94
2015-08-17,2.86,16.66,2.31,1.1,3.63
2015-08-18,2.65,15.58,2.09,1.1,4.99
2015-08-19,4.23,15.78,2.2,1.1,4.66
2015-08-20,2.66,13.38,1.96,1.1,3.76
2015-08-21,3.73,16.1,2.25,1.1,3.32
2015-08-22,3.52,15.62,2.12,1.1,2.79
2015-08-23,3.77,15.17,1.91,1.1,4.01
2015-08-24,11.54,15.65,2.78,1.1,7.17
2015-08-25,3.56,14.69,2.78,1.1,3.83
2015-08-26,3.56,14.44,2.16,1.1,3.87
2015-08-27,2.81,14.83,2.32,1.1,3.29
2015-08-28,4.88,14.53,1.83,1.1,4.14
2015-08-29,2.51,17.67,2.78,1.1,4.1
2015-08-30,2.49,16.12,2.61,1.1,2.92
2015-08-31,4.34,13.84,2.09,1.1,4.08
2015-09-01,3.85,17.41,2.87,0.95,3.85
2015-09-02,7.86,14.42,2.39,0.95,6.13
2015-09-03,5.27,14.94,1.92,0.95,4.42
2015-09-04,4.52,15.96,2.97,0.95,4.8
2015-09-05,2.37,12.49,1.89,0.95,3.28
2015-09-06,2.49,14.54,2.95,0.95,3.24
2015-09-07,3.26,14.11,2.38,0.95,4.54
2015-09-08,5.3,15.02,3.14,0.95,3.96
2015-09-09,3.16,15.19,2.85,0.95,3.93
2015-09-10,4.9,14.62,2.38,0.95,4.91
2015-09-11,3.74,14.54,1.99,0.95,4.16
2015-09-12,3.63,15.94,2.21,0.95,3.83
2015-09-13,4.34,15.0,2.56,0.95,5.18
2015-09-14,12.02,14.66,2.36,0.95,7.65
2015-09-15,2.21,14.77,2.08,0.95,3.65
2015-09-16,3.19,16.77,2.95,0.95,3.55
2015-09-17,3.41,14.75,2.33,0.95,3.98
2015-09-18,2.46,13.9,2.52,0.95,3.88
2015-09-19,4.46,12.2,1.54,0.95,4.32
2015-09-20,2.77,12.75,2.41,0.95,2.46
2015-09-21,2.79,13.89,2.38,0.95,3.74
2015-09-22,9.39,14.3,2.72,0.95,5.81
2015-09-23,2.43,13.74,2.55,0.95,3.78
2015-09-24,4.79,14.81,2.29,0.95,4.47
2015-09-25,6.27,13.68,2.09,0.95,5.68
2015-09-26,2.08,13.25,2.8,0.95,2.75
2015-09-27,7.85,15.06,2.24,0.95,5.61
2015-09-28,2.28,15.95,2.79,0.95,3.19
2015-09-29,2.59,12.96,1.89,0.95,2.88
2015-09-30,2.02,14.57,1.54,0.95,3.94
2015-10-01,2.0,11.97,1.4,0.82,2.55
2015-10-02,2.07,12.47,2.13,0.82,3.71
2015-10-03,5.68,13.52,2.41,0.82,4.92
2015-10-04,1.91,15.57,2.6,0.82,2.86
2015-10-05,2.72,13.26,2.55,0.82,3.44
2015-10-06,1.85,13.2,2.24,0.82,3.04
2015-10-07,2.85,14.21,1.92,0.82,3.15
2015-10-08,2.1,14.2,2.47,0.82,2.99
2015-10-09,3.73,13.2,2.15,0.82,3.98
2015-10-10,2.12,16.51,2.35,0.82,2.34
2015-10-11,2.54,13.8,2.36,0.82,3.12
2015-10-12,2.49,14.24,2.27,0.82,1.59
2015-10-13,3.97,13.61,1.9,0.82,2.67
2015-10-14,2.79,14.61,2.22,0.82,3.32
2015-10-15,1.89,15.56,3.0,0.82,2.2
2015-10-16,2.27,16.06,3.06,0.82,2.07
2015-10-17,1.75,13.14,2.15,0.82,2.38
2015-10-18,3.15,15.37,2.43,0.82,2.74
2015-10-19,1.67,14.7,1.73,0.82,1.9
2015-10-20,2.23,15.2,3.07,0.82,1.48
2015-10-21,2.37,13.92,2.6,0.82,1.43
2015-10-22,3.78,13.8,2.47,0.82,3.44
2015-10-23,1.76,15.14,1.46,0.82,2.17
2015-10-24,7.81,15.16,2.39,0.82,5.43
2015-10-25,2.53,15.89,2.43,0.82,2.42
2015-10-26,1.64,14.24,2.51,0.82,2.35
2015-10-27,3.89,13.88,2.0,0.82,3.21
2015-10-28,7.35,11.05,1.66,0.82,5.02
2015-10-29,3.58,12.07,2.16,0.82,3.33
2015-10-30,1.51,13.53,1.82,0.82,2.19
2015-10-31,2.04,12.68,1.77,0.82,1.99
2015-11-01,1.85,14.98,2.42,0.74,2.71
2015-11-02,4.26,12.43,2.5,0.74,4.19
2015-11-03,9.45,13.4,2.43,0.74,6.72
2015-11-04,1.99,13.45,2.55,0.74,2.28
2015-11-05,1.67,15.45,2.44,0.74,2.0
2015-11-06,2.26,13.28,2.69,0.74,2.24
2015-11-07,1.53,14.56,1.59,0.74,2.3
2015-11-08,3.79,14.25,3.05,0.74,3.03
2015-11-09,4.29,15.11,3.23,0.74,2.75
2015-11-10,4.75,15.05,2.54,0.74,2.91
2015-11-11,2.99,14.0,2.53,0.74,2.89
2015-11-12,1.81,12.01,1.89,0.74,0.68
2015-11-13,2.97,13.77,2.08,0.74,2.85
2015-11-14,6.37,14.04,1.96,0.74,4.05
2015-11-15,2.71,14.41,2.24,0.74,3.24
2015-11-16,2.37,13.19,2.3,0.74,3.17
2015-11-17,2.69,15.46,2.59,0.74,3.23
2015-11-18,3.09,14.11,3.01,0.74,2.58
2015-11-19,1.41,13.0,2.09,0.74,1.58
2015-11-20,1.42,13.57,1.54,0.74,1.81
2015-11-21,1.39,16.45,3.22,0.74,2.0
2015-11-22,6.29,14.94,1.85,0.74,3.5
2015-11-23,1.68,15.42,2.19,0.74,2.88
2015-11-24,1.25,12.92,2.15,0.74,1.77
2015-11-25,2.09,13.36,2.27,0.74,2.49
2015-11-26,1.14,13.38,1.53,0.74,1.04
2015-11-27,2.79,14.44,1.97,0.74,2.09
2015-11-28,1.52,14.02,1.61,0.74,1.08
2015-11-29,2.5,13.66,2.4,0.74,2.78
2015-11-30,1.96,13.83,2.65,0.74,1.86
2015-12-01,5.0,13.33,1.61,0.61,3.91
2015-12-02,8.49,14.08,2.61,0.61,5.2
2015-12-03,1.45,15.65,2.82,0.61,2.13
2015-12-04,2.78,12.52,1.71,0.61,2.57
2015-12-05,9.04,14.77,1.52,0.61,5.71
2015-12-06,1.06,16.03,2.08,0.61,2.0
2015-12-07,3.37,14.18,1.99,0.61,3.31
2015-12-08,2.51,13.78,2.78,0.61,2.72
2015-12-09,1.15,15.55,2.38,0.61,3.33
2015-12-10,1.53,13.28,1.69,0.61,3.02
2015-12-11,1.22,14.46,2.33,0.61,0.94
2015-12-12,4.13,13.26,1.57,0.61,3.28
2015-12-13,1.03,12.29,2.15,0.61,1.58
2015-12-14,4.23,14.37,1.86,0.61,3.95
2015-12-15,3.31,13.06,1.73,0.61,2.79
2015-12-16,1.23,14.59,2.44,0.61,2.02
2015-12-17,1.17,15.96,3.19,0.61,0.54
2015-12-18,1.16,16.88,3.51,0.61,0.89
2015-12-19,2.03,14.79,1.9,0.61,3.14
2015-12-20,2.5,15.93,2.25,0.61,2.24
2015-12-21,8.98,15.21,2.59,0.61,4.77
2015-12-22,6.85,14.3,2.71,0.61,4.55
2015-12-23,2.72,12.47,1.11,0.61,2.42
2015-12-24,0.99,16.76,2.65,0.61,1.75
2015-12-25,1.0,13.58,1.94,0.61,1.11
2015-12-26,2.58,16.53,1.81,0.61,2.17
2015-12-27,7.58,15.54,1.9,0.61,4.75
2015-12-28,7.07,13.75,1.94,0.61,5.43
2015-12-29,1.22,15.33,2.42,0.61,2.3
2015-12-30,1.39,17.54,3.13,0.61,2.3
2015-12-31,1.23,16.86,2.77,0.61,1.89
2016-01-01,1.09,14.43,2.64,0.83,2.23
2016-01-02,1.2,14.22,2.24,0.83,1.35
2016-01-03,2.26,15.22,2.1,0.83,1.88
2016-01-04,5.01,14.94,2.27,0.83,3.67
2016-01-05,2.22,16.61,2.87,0.83,1.96
2016-01-06,1.12,16.08,2.93,0.83,1.69
2016-01-07,1.37,13.2,2.02,0.83,1.71
2016-01-08,9.17,15.81,2.1,0.83,5.98
2016-01-09,2.66,15.08,2.5,0.83,3.12
2016-01-10,1.32,15.37,2.6,0.83,1.49
2016-01-11,1.37,15.66,2.94,0.83,0.84
2016-01-12,1.85,16.83,2.35,0.83,1.61
2016-01-13,1.52,16.6,2.32,0.83,1.33
2016-01-14,1.16,14.56,2.59,0.83,1.97
2016-01-15,10.11,15.42,2.25,0.83,6.14
2016-01-16,4.43,14.98,2.17,0.83,2.81
2016-01-17,10.52,13.54,2.63,0.83,5.73
2016-01-18,1.74,15.46,1.87,0.83,1.72
2016-01-19,3.24,17.84,3.6,0.83,2.77
2016-01-20,5.34,13.6,1.9,0.83,4.02
2016-01-21,2.37,15.66,2.8,0.83,2.93
2016-01-22,1.09,15.66,2.41,0.83,2.28
2016-01-23,5.31,16.1,2.62,0.83,4.12
2016-01-24,1.21,14.64,2.19,0.83,1.3
2016-01-25,2.15,14.12,2.56,0.83,2.04
2016-01-26,1.24,14.21,2.09,0.83,2.46
2016-01-27,4.04,17.49,2.49,0.83,2.86
2016-01-28,1.19,14.75,3.04,0.83,1.05
2016-01-29,2.65,15.37,2.42,0.83,2.86
2016-01-30,1.17,18.53,2.61,0.83,1.48
2016-01-31,2.81,15.15,1.78,0.83,3.12
2016-02-01,1.92,16.48,3.32,0.9,1.81
2016-02-02,8.98,17.38,2.49,0.9,5.06
2016-02-03,1.55,17.36,3.53,0.9,2.54
2016-02-04,1.4,14.57,2.45,0.9,1.21
2016-02-05,6.89,15.35,2.46,0.9,5.04
2016-02-06,1.24,16.6,2.66,0.9,1.54
2016-02-07,1.45,18.59,3.77,0.9,1.87
2016-02-08,2.89,15.39,1.53,0.9,2.77
2016-02-09,1.67,15.75,2.55,0.9,1.69
2016-02-10,1.71,16.88,2.53,0.9,1.49
2016-02-11,7.89,17.15,2.59,0.9,4.46
2016-02-12,7.82,17.26,2.75,0.9,4.25
2016-02-13,3.22,15.46,2.31,0.9,3.89
2016-02-14,1.34,15.87,2.56,0.9,1.75
2016-02-15,1.76,16.8,2.61,0.9,2.67
2016-02-16,2.18,18.09,2.29,0.9,2.81
2016-02-17,1.43,16.32,2.7,0.9,2.01
2016-02-18,3.21,16.62,2.88,0.9,2.47
2016-02-19,1.93,15.44,2.2,0.9,2.19
2016-02-20,1.47,18.94,3.69,0.9,1.96
2016-02-21,3.88,16.92,3.17,0.9,2.71
2016-02-22,5.94,18.06,3.15,0.9,2.85
2016-02-23,1.57,16.84,2.96,0.9,0.86
2016-02-24,2.48,16.94,2.65,0.9,2.94
2016-02-25,3.38,15.07,2.82,0.9,1.23
2016-02-26,1.49,14.32,2.88,0.9,1.77
2016-02-27,1.52,18.43,3.19,0.9,1.46
2016-02-28,1.53,17.05,2.43,0.9,1.74
2016-02-29,8.09,17.24,2.67,0.9,4.0
2016-03-01,3.1,15.52,2.66,0.99,2.63
2016-03-02,1.63,15.96,2.83,0.99,1.86
2016-03-03,7.49,18.35,2.82,0.99,5.72
2016-03-04,2.39,19.19,2.75,0.99,2.28
2016-03-05,4.53,16.39,3.19,0.99,3.72
2016-03-06,1.9,17.97,2.37,0.99,1.34
2016-03-07,1.77,17.42,2.34,0.99,2.5
2016-03-08,1.78,17.07,2.13,0.99,2.11
2016-03-09,1.7,19.47,2.64,0.99,1.93
2016-03-10,1.72,16.73,3.11,0.99,1.8
2016-03-11,2.53,18.79,3.43,0.99,2.74
2016-03-12,14.66,17.78,2.74,0.99,7.61
2016-03-13,2.41,17.33,2.9,0.99,1.96
2016-03-14,2.11,19.02,2.95,0.99,1.86
2016-03-15,1.83,17.75,2.29,0.99,2.54
2016-03-16,1.84,17.31,3.58,0.99,2.03
2016-03-17,2.74,19.1,3.52,0.99,1.39
2016-03-18,1.99,18.97,3.09,0.99,2.13
2016-03-19,5.53,18.94,2.6,0.99,2.99
2016-03-20,2.53,12.85,1.94,0.99,2.64
2016-03-21,4.3,18.07,2.53,0.99,2.67
2016-03-22,2.04,17.82,2.81,0.99,1.9
2016-03-23,2.69,17.54,2.85,0.99,2.0
2016-03-24,2.02,18.33,2.71,0.99,2.74
2016-03-25,2.33,17.94,2.21,0.99,2.39
2016-03-26,2.82,18.46,3.72,0.99,2.68
2016-03-27,3.03,17.34,2.8,0.99,3.77
2016-03-28,2.05,19.48,3.2,0.99,1.81
2016-03-29,5.78,18.63,2.73,0.99,4.28
2016-03-30,7.77,18.37,2.23,0.99,4.29
2016-03-31,2.78,18.33,2.82,0.99,3.06
2016-04-01,2.23,19.14,2.84,1.15,1.75
2016-04-02,8.22,18.99,3.23,1.15,4.63
2016-04-03,2.12,17.65,3.11,1.15,2.44
2016-04-04,7.63,18.99,3.25,1.15,4.84
2016-04-05,6.36,18.02,3.2,1.15,3.46
2016-04-06,2.75,20.13,3.84,1.15,2.04
2016-04-07,3.55,19.16,3.13,1.15,3.23
2016-04-08,2.33,17.1,3.11,1.15,2.2
2016-04-09,2.38,20.66,3.4,1.15,1.59
2016-04-10,5.63,15.36,1.64,1.15,4.01
2016-04-11,2.63,18.66,2.84,1.15,2.51
2016-04-12,2.71,17.07,2.31,1.15,2.77
2016-04-13,7.54,20.17,3.22,1.15,4.83
2016-04-14,5.34,18.23,2.52,1.15,4.14
2016-04-15,2.59,16.98,2.89,1.15,2.3
2016-04-16,3.58,17.62,3.14,1.15,2.81
2016-04-17,4.91,17.09,3.15,1.15,4.05
2016-04-18,2.37,17.59,3.39,1.15,2.19
2016-04-19,2.52,17.57,2.06,1.15,2.55
2016-04-20,3.12,17.07,2.18,1.15,2.21
2016-04-21,2.9,18.3,4.02,1.15,2.44
2016-04-22,2.91,18.45,3.27,1.15,2.74
2016-04-23,2.45,16.79,2.71,1.15,1.47
2016-04-24,3.12,16.0,2.51,1.15,2.22
2016-04-25,2.51,18.36,2.83,1.15,1.7
2016-04-26,7.79,18.63,2.12,1.15,5.23
2016-04-27,2.59,18.87,2.62,1.15,1.67
2016-04-28,4.03,18.66,2.85,1.15,3.13
2016-04-29,3.3,19.89,2.8,1.15,3.24
2016-04-30,5.64,19.2,2.75,1.15,4.0
2016-05-01,2.81,21.22,4.31,1.12,2.18
2016-05-02,3.09,21.72,3.26,1.12,2.87
2016-05-03,4.83,15.89,2.59,1.12,4.09
2016-05-04,6.92,15.36,2.5,1.12,4.51
2016-05-05,8.09,17.98,3.03,1.12,3.96
2016-05-06,2.99,18.6,2.7,1.12,3.65
2016-05-07,5.18,17.9,3.28,1.12,4.07
2016-05-08,10.23,18.83,3.1,1.12,6.15
2016-05-09,4.58,17.65,2.23,1.12,3.11
2016-05-10,9.73,17.14,2.63,1.12,6.15
2016-05-11,4.17,17.31,2.63,1.12,3.63
2016-05-12,3.24,17.72,2.67,1.12,3.03
2016-05-13,4.53,18.96,3.15,1.12,3.99
2016-05-14,2.82,17.36,2.96,1.12,3.08
2016-05-15,8.83,17.59,2.95,1.12,5.69
2016-05-16,3.49,18.61,3.03,1.12,4.1
2016-05-17,7.05,17.68,2.79,1.12,5.43
2016-05-18,2.87,19.25,2.13,1.12,3.46
2016-05-19,4.27,16.79,2.93,1.12,3.79
2016-05-20,4.91,16.52,2.77,1.12,4.17
2016-05-21,5.33,18.24,2.44,1.12,4.55
2016-05-22,7.12,18.35,2.96,1.12,5.67
2016-05-23,5.09,16.81,2.88,1.12,4.08
2016-05-24,2.99,19.45,3.49,1.12,4.29
2016-05-25,6.16,20.13,3.32,1.12,5.2
2016-05-26,3.01,17.05,2.79,1.12,2.33
2016-05-27,11.69,19.58,3.42,1.12,7.35
2016-05-28,3.48,14.92,2.22,1.12,4.74
2016-05-29,3.57,19.05,3.12,1.12,4.21
2016-05-30,3.32,16.71,2.36,1.12,3.82
2016-05-31,2.91,18.9,3.38,1.12,3.55
2016-06-01,3.08,16.56,1.94,0.87,4.03
2016-06-02,3.01,17.61,3.07,0.87,3.99
2016-06-03,5.53,16.7,2.61,0.87,4.1
2016-06-04,3.04,17.4,3.1,0.87,3.29
2016-06-05,6.99,19.83,2.76,0.87,6.25
2016-06-06,6.18,17.48,2.76,0.87,5.16
2016-06-07,3.1,20.12,3.14,0.87,4.46
2016-06-08,3.46,17.11,2.84,0.87,5.36
2016-06-09,3.92,19.34,2.58,0.87,3.85
2016-06-10,2.97,15.58,2.69,0.87,3.02
2016-06-11,4.78,17.16,1.94,0.87,4.44
2016-06-12,7.01,16.84,2.36,0.87,6.08
2016-06-13,4.49,19.3,2.37,0.87,5.08
2016-06-14,3.77,17.66,3.08,0.87,5.11
2016-06-15,3.72,14.91,2.5,0.87,4.03
2016-06-16,3.03,15.81,2.65,0.87,3.91
2016-06-17,3.16,16.15,3.11,0.87,3.22
2016-06-18,3.07,18.46,2.74,0.87,2.3
2016-06-19,7.06,18.28,3.09,0.87,5.25
2016-06-20,7.25,16.92,2.66,0.87,4.97
2016-06-21,4.17,16.6,2.56,0.87,4.58
2016-06-22,3.01,18.09,3.34,0.87,2.59
2016-06-23,5.84,15.85,3.31,0.87,4.41
2016-06-24,11.95,17.72,2.59,0.87,7.94
2016-06-25,3.14,17.59,3.07,0.87,4.09
2016-06-26,3.16,16.79,2.75,0.87,3.89
2016-06-27,5.15,17.57,2.87,0.87,5.69
2016-06-28,3.06,17.18,2.78,0.87,4.61
2016-06-29,3.02,17.63,2.61,0.87,3.44
2016-06-30,6.61,15.4,0.98,0.87,6.56
2016-07-01,4.08,17.71,3.37,1.32,4.93
2016-07-02,13.23,18.17,2.55,1.32,7.98
2016-07-03,5.12,17.3,2.6,1.32,4.96
2016-07-04,3.18,17.6,2.65,1.32,4.09
2016-07-05,3.0,16.72,2.29,1.32,3.73
2016-07-06,3.53,17.89,2.88,1.32,3.82
2016-07-07,10.52,16.87,2.61,1.32,7.7
2016-07-08,3.07,15.38,2.12,1.32,4.44
2016-07-09,5.8,17.71,2.82,1.32,4.88
2016-07-10,4.93,14.73,2.3,1.32,4.47
2016-07-11,3.4,17.0,3.02,1.32,3.76
2016-07-12,3.23,16.17,1.99,1.32,4.14
2016-07-13,3.23,16.06,2.19,1.32,4.59
2016-07-14,4.63,16.77,2.91,1.32,4.09
2016-07-15,3.49,15.68,2.2,1.32,4.63
2016-07-16,3.6,17.11,2.3,1.32,4.26
2016-07-17,4.39,16.53,2.34,1.32,4.53
2016-07-18,4.1,15.69,2.41,1.32,4.83
2016-07-19,3.37,18.0,2.76,1.32,4.33
2016-07-20,3.08,16.61,2.51,1.32,3.09
2016-07-21,4.25,17.08,2.25,1.32,3.75
2016-07-22,3.17,17.99,3.11,1.32,3.53
2016-07-23,4.94,17.94,3.32,1.32,4.47
2016-07-24,10.6,16.92,1.87,1.32,7.67
2016-07-25,3.05,15.83,1.85,1.32,4.08
2016-07-26,6.77,14.44,2.67,1.32,6.25
2016-07-27,7.49,16.37,3.18,1.32,5.31
2016-07-28,3.35,17.4,1.86,1.32,4.02
2016-07-29,4.35,16.48,2.9,1.32,4.3
2016-07-30,4.07,11.88,2.54,1.32,3.98
2016-07-31,17.8,17.03,2.31,1.32,10.77
2016-08-01,4.84,17.07,3.29,1.55,3.56
2016-08-02,3.31,15.55,2.36,1.55,4.24
2016-08-03,4.75,17.07,2.79,1.55,5.49
2016-08-04,3.17,16.6,2.3,1.55,4.21
2016-08-05,4.8,14.99,2.75,1.55,5.39
2016-08-06,2.82,17.3,3.03,1.55,5.1
2016-08-07,11.8,14.22,2.92,1.55,7.56
2016-08-08,4.69,15.64,3.02,1.55,5.49
2016-08-09,2.89,15.49,2.42,1.55,5.49
2016-08-10,3.74,14.65,3.54,1.55,4.51
2016-08-11,3.14,15.97,3.04,1.55,4.08
2016-08-12,7.58,17.15,2.89,1.55,6.28
2016-08-13,4.96,17.04,2.26,1.55,5.59
2016-08-14,3.1,16.37,1.94,1.55,4.3
2016-08-15,5.13,13.44,1.54,1.55,4.91
2016-08-16,3.61,13.84,1.8,1.55,5.38
2016-08-17,3.37,15.61,2.99,1.55,4.01
2016-08-18,3.95,15.33,2.59,1.55,4.99
2016-08-19,10.32,14.74,2.07,1.55,7.14
2016-08-20,3.95,17.6,2.68,1.55,5.46
2016-08-21,9.26,15.4,2.31,1.55,6.28
2016-08-22,3.78,15.9,2.8,1.55,4.15
2016-08-23,2.57,16.4,2.21,1.55,4.58
2016-08-24,3.28,15.25,2.53,1.55,3.72
2016-08-25,2.54,18.26,2.96,1.55,3.9
2016-08-26,2.84,13.99,1.86,1.55,4.86
2016-08-27,3.27,14.36,2.89,1.55,3.09
2016-08-28,4.01,13.93,2.07,1.55,4.59
2016-08-29,3.25,16.9,2.24,1.55,4.63
2016-08-30,4.23,15.96,2.84,1.55,4.24
2016-08-31,2.44,14.31,2.27,1.55,3.16
2016-09-01,5.09,13.9,2.35,1.95,4.32
2016-09-02,2.42,16.57,2.11,1.95,3.13
2016-09-03,2.44,15.31,2.72,1.95,3.41
2016-09-04,2.65,16.54,3.45,1.95,3.1
2016-09-05,2.37,14.75,1.81,1.95,3.1
2016-09-06,2.95,15.41,2.55,1.95,3.61
2016-09-07,5.71,15.13,2.06,1.95,5.21
2016-09-08,3.69,13.99,3.27,1.95,3.69
2016-09-09,3.05,14.54,2.78,1.95,4.02
2016-09-10,8.3,13.27,2.2,1.95,6.11
2016-09-11,3.7,15.26,1.9,1.95,3.56
2016-09-12,2.57,15.55,2.04,1.95,3.55
2016-09-13,9.71,15.8,2.77,1.95,5.6
2016-09-14,2.28,15.39,1.86,1.95,2.73
2016-09-15,3.31,14.41,1.73,1.95,3.98
2016-09-16,2.35,16.4,2.56,1.95,2.75
2016-09-17,2.42,15.59,2.49,1.95,3.48
2016-09-18,4.03,16.16,2.68,1.95,2.95
2016-09-19,3.71,16.21,2.36,1.95,3.74
2016-09-20,2.63,14.3,2.61,1.95,2.41
2016-09-21,3.15,14.89,1.99,1.95,3.78
2016-09-22,2.18,15.34,2.65,1.95,2.75
2016-09-23,4.98,13.01,2.14,1.95,3.74
2016-09-24,7.46,13.01,2.29,1.95,5.46
2016-09-25,2.14,12.79,2.49,1.95,2.9
2016-09-26,2.02,14.2,2.05,1.95,3.07
2016-09-27,5.13,13.91,1.92,1.95,4.0
2016-09-28,6.99,12.57,1.31,1.95,5.2
2016-09-29,2.29,14.45,1.46,1.95,3.85
2016-09-30,8.77,14.14,2.15,1.95,5.94
2016-10-01,1.92,15.66,2.41,2.21,2.9
2016-10-02,1.93,16.64,2.16,2.21,3.7
2016-10-03,4.86,14.76,1.96,2.21,3.59
2016-10-04,2.55,13.36,2.71,2.21,2.79
2016-10-05,6.4,14.95,2.69,2.21,4.35
2016-10-06,3.42,14.18,1.72,2.21,4.17
2016-10-07,3.03,13.86,2.0,2.21,2.86
2016-10-08,3.94,13.1,2.23,2.21,4.13
2016-10-09,1.93,13.57,1.88,2.21,3.03
2016-10-10,1.8,13.9,1.86,2.21,2.72
2016-10-11,1.76,15.07,2.22,2.21,3.34
2016-10-12,7.99,14.71,2.74,2.21,4.35
2016-10-13,7.66,16.27,3.01,2.21,5.88
2016-10-14,2.11,14.88,2.04,2.21,3.05
2016-10-15,2.03,14.57,2.47,2.21,3.04
2016-10-16,7.82,13.69,2.15,2.21,5.68
2016-10-17,8.23,12.8,1.62,2.21,5.38
2016-10-18,12.85,13.36,1.98,2.21,7.56
2016-10-19,3.6,13.19,1.57,2.21,3.23
2016-10-20,2.17,10.96,2.21,2.21,3.37
2016-10-21,3.34,12.81,2.64,2.21,4.02
2016-10-22,8.21,15.94,2.33,2.21,6.03
2016-10-23,1.56,14.46,2.01,2.21,3.8
2016-10-24,12.99,13.56,2.56,2.21,7.45
2016-10-25,2.1,14.48,2.76,2.21,4.2
2016-10-26,4.41,11.66,1.4,2.21,4.82
2016-10-27,2.46,14.34,2.19,2.21,2.71
2016-10-28,1.48,15.53,2.41,2.21,4.06
2016-10-29,8.88,13.85,1.87,2.21,5.41
2016-10-30,10.4,11.87,2.04,2.21,6.64
2016-10-31,2.11,13.5,1.85,2.21,4.0
2016-11-01,3.01,15.54,2.21,2.1,4.1
2016-11-02,4.21,14.31,2.21,2.1,3.89
2016-11-03,7.11,12.3,1.35,2.1,4.62
2016-11-04,2.48,16.85,1.8,2.1,3.49
2016-11-05,1.36,12.51,2.34,2.1,3.84
2016-11-06,2.56,13.72,1.86,2.1,3.08
2016-11-07,1.36,12.78,2.87,2.1,2.72
2016-11-08,6.69,12.78,2.81,2.1,5.1
2016-11-09,4.01,13.49,1.92,2.1,3.67
2016-11-10,5.26,14.8,3.26,2.1,4.1
2016-11-11,3.47,15.59,2.81,2.1,3.87
2016-11-12,1.32,13.59,1.88,2.1,3.34
2016-11-13,8.46,12.85,0.99,2.1,5.23
2016-11-14,1.87,14.64,2.57,2.1,3.41
2016-11-15,2.76,14.69,2.32,2.1,3.79
2016-11-16,2.52,14.38,2.43,2.1,2.79
2016-11-17,3.79,14.43,2.17,2.1,3.95
2016-11-18,5.53,13.97,1.74,2.1,4.16
2016-11-19,4.12,14.24,2.06,2.1,4.09
2016-11-20,1.2,13.91,2.47,2.1,3.3
2016-11-21,3.63,15.43,2.27,2.1,3.6
2016-11-22,4.72,16.83,2.48,2.1,4.47
2016-11-23,1.31,14.39,1.65,2.1,3.38
2016-11-24,1.81,14.18,2.26,2.1,3.41
2016-11-25,5.86,14.51,1.83,2.1,4.57
2016-11-26,1.24,13.43,2.48,2.1,3.27
2016-11-27,1.21,15.15,2.08,2.1,2.86
2016-11-28,1.35,14.78,2.2,2.1,1.76
2016-11-29,4.62,13.76,3.03,2.1,3.11
2016-11-30,1.45,15.36,2.28,2.1,2.44
2016-12-01,2.95,14.32,2.07,1.51,3.08
2016-12-02,1.11,13.15,2.31,1.51,2.51
2016-12-03,1.23,14.76,1.6,1.51,2.0
2016-12-04,1.5,14.64,2.8,1.51,3.21
2016-12-05,2.37,15.53,2.83,1.51,2.41
2016-12-06,7.33,15.4,2.62,1.51,4.46
2016-12-07,1.24,14.29,0.89,1.51,2.16
2016-12-08,4.44,13.87,2.08,1.51,2.99
2016-12-09,1.29,14.46,1.76,1.51,2.26
2016-12-10,5.13,14.92,2.79,1.51,3.61
2016-12-11,2.08,15.09,2.78,1.51,2.37
2016-12-12,1.27,14.89,2.49,1.51,2.92
2016-12-13,1.02,14.44,1.79,1.51,1.98
2016-12-14,3.68,15.77,3.06,1.51,2.74
2016-12-15,1.45,13.79,2.06,1.51,2.5
2016-12-16,1.16,17.6,3.46,1.51,1.78
2016-12-17,1.34,15.57,2.54,1.51,2.08
2016-12-18,1.1,13.32,2.3,1.51,1.08
2016-12-19,1.12,14.93,2.15,1.51,1.03
2016-12-20,1.31,15.66,3.01,1.51,1.65
2016-12-21,1.19,14.34,2.49,1.51,1.41
2016-12-22,13.39,12.99,2.63,1.51,5.94
2016-12-23,1.0,13.56,2.21,1.51,1.91
2016-12-24,1.09,15.49,2.4,1.51,1.88
2016-12-25,1.02,12.76,2.25,1.51,1.35
2016-12-26,2.42,13.16,2.65,1.51,1.82
2016-12-27,5.77,15.57,2.84,1.51,3.48
2016-12-28,4.26,14.69,2.36,1.51,2.44
2016-12-29,5.59,14.15,1.48,1.51,3.41
2016-12-30,1.01,14.42,2.59,1.51,2.13
2016-12-31,1.0,13.28,1.52,1.51,1.87
2017-01-01,4.62,15.62,2.46,1.2,2.95
2017-01-02,6.94,14.11,2.17,1.2,3.86
2017-01-03,2.64,14.46,1.7,1.2,2.19
2017-01-04,1.07,15.55,2.58,1.2,1.85
2017-01-05,1.04,14.86,3.19,1.2,2.85
2017-01-06,1.3,14.35,2.13,1.2,2.15
2017-01-07,2.47,12.84,2.33,1.2,1.6
2017-01-08,4.28,15.7,3.4,1.2,3.15
2017-01-09,1.36,15.39,2.75,1.2,1.33
2017-01-10,1.02,14.7,2.05,1.2,1.64
2017-01-11,1.39,14.11,2.31,1.2,1.38
2017-01-12,1.14,15.41,2.6,1.2,2.53
2017-01-13,5.06,16.0,3.07,1.2,2.41
2017-01-14,1.04,15.57,2.92,1.2,1.69
2017-01-15,1.29,17.45,1.61,1.2,1.34
2017-01-16,1.3,16.37,2.21,1.2,1.88
2017-01-17,2.29,15.43,2.39,1.2,2.0
2017-01-18,1.68,16.48,2.17,1.2,2.25
2017-01-19,5.54,15.68,0.97,1.2,3.87
2017-01-20,5.07,15.71,2.17,1.2,2.84
2017-01-21,3.06,17.25,2.69,1.2,3.75
2017-01-22,2.94,14.65,2.09,1.2,2.65
2017-01-23,1.1,15.79,2.07,1.2,1.32
2017-01-24,2.88,17.22,2.7,1.2,2.26
2017-01-25,1.13,16.2,2.67,1.2,1.81
2017-01-26,1.22,15.42,2.23,1.2,1.78
2017-01-27,1.51,13.85,2.73,1.2,1.7
2017-01-28,1.37,13.21,2.1,1.2,1.95
2017-01-29,1.47,18.46,2.52,1.2,1.82
2017-01-30,4.81,16.37,2.11,1.2,2.45
2017-01-31,1.17,15.33,2.31,1.2,2.4
2017-02-01,1.37,16.49,3.02,1.36,2.27
2017-02-02,1.66,14.97,2.02,1.36,1.91
2017-02-03,3.16,15.74,2.7,1.36,1.98
2017-02-04,2.38,15.04,2.39,1.36,1.75
2017-02-05,1.67,14.51,3.07,1.36,1.11
2017-02-06,1.8,13.71,2.31,1.36,1.35
2017-02-07,3.4,14.36,1.97,1.36,1.07
2017-02-08,8.5,17.53,3.02,1.36,4.88
2017-02-09,1.83,15.16,2.68,1.36,2.2
2017-02-10,5.27,17.02,2.49,1.36,2.21
2017-02-11,5.35,17.56,2.27,1.36,3.67
2017-02-12,1.36,16.46,2.78,1.36,1.56
2017-02-13,1.41,16.12,2.54,1.36,1.46
2017-02-14,2.32,16.67,1.99,1.36,2.24
2017-02-15,6.32,16.04,2.61,1.36,2.66
2017-02-16,6.43,18.02,2.55,1.36,3.71
2017-02-17,3.03,18.86,2.32,1.36,2.51
2017-02-18,1.39,18.38,2.72,1.36,1.74
2017-02-19,5.55,14.09,2.73,1.36,2.69
2017-02-20,12.15,16.18,3.01,1.36,6.38
2017-02-21,7.89,16.74,2.99,1.36,5.24
2017-02-22,7.26,17.33,2.81,1.36,4.84
2017-02-23,7.0,14.73,2.55,1.36,4.6
2017-02-24,1.52,14.74,2.35,1.36,3.93
2017-02-25,1.6,18.43,2.42,1.36,2.05
2017-02-26,2.33,16.23,2.17,1.36,3.18
2017-02-27,1.51,15.14,2.13,1.36,2.54
2017-02-28,1.85,15.63,3.01,1.36,3.31
2017-03-01,2.27,17.46,3.15,1.34,2.57
2017-03-02,1.56,16.03,2.07,1.34,2.54
2017-03-03,2.17,17.34,2.72,1.34,2.56
2017-03-04,1.62,15.9,2.32,1.34,1.58
2017-03-05,2.61,15.01,2.29,1.34,2.04
2017-03-06,2.82,18.84,2.71,1.34,2.31
2017-03-07,1.84,17.64,3.31,1.34,2.37
2017-03-08,1.66,16.79,2.61,1.34,2.01
2017-03-09,2.99,16.59,2.68,1.34,2.28
2017-03-10,2.33,19.0,3.04,1.34,2.71
2017-03-11,7.21,17.98,2.39,1.34,3.18
2017-03-12,1.92,18.67,2.94,1.34,1.35
2017-03-13,1.81,16.62,3.02,1.34,0.63
2017-03-14,1.76,17.41,3.3,1.34,2.34
2017-03-15,1.9,17.86,2.32,1.34,1.89
2017-03-16,2.88,16.74,2.0,1.34,2.86
2017-03-17,2.31,17.31,2.72,1.34,1.94
2017-03-18,6.86,16.75,3.06,1.34,4.32
2017-03-19,1.84,17.95,2.94,1.34,1.79
2017-03-20,1.88,15.91,2.76,1.34,2.06
2017-03-21,5.55,18.2,2.29,1.34,3.58
2017-03-22,2.12,17.91,2.56,1.34,2.22
2017-03-23,4.51,17.32,1.82,1.34,4.01
2017-03-24,1.98,18.12,2.76,1.34,1.16
2017-03-25,3.48,17.16,1.81,1.34,2.73
2017-03-26,3.12,16.82,3.16,1.34,2.45
2017-03-27,2.05,18.3,3.47,1.34,1.85
2017-03-28,2.15,18.37,2.91,1.34,1.73
2017-03-29,6.46,17.07,2.06,1.34,3.61
2017-03-30,2.57,16.99,2.8,1.34,2.99
2017-03-31,2.07,17.5,3.47,1.34,1.82
2017-04-01,2.33,17.07,2.85,1.23,3.26
2017-04-02,2.76,19.58,3.51,1.23,2.32
2017-04-03,2.69,18.15,2.63,1.23,2.04
2017-04-04,2.13,17.8,2.42,1.23,2.25
2017-04-05,4.29,16.68,2.57,1.23,2.89
2017-04-06,2.17,18.7,2.13,1.23,2.74
2017-04-07,2.5,17.09,3.57,1.23,1.3
2017-04-08,4.74,17.06,2.71,1.23,2.09
2017-04-09,2.63,18.78,3.26,1.23,2.21
2017-04-10,14.13,18.33,2.67,1.23,7.48
2017-04-11,2.37,14.88,1.71,1.23,2.77
2017-04-12,2.29,17.7,3.33,1.23,2.56
2017-04-13,3.84,18.05,2.36,1.23,3.31
2017-04-14,5.49,17.5,2.87,1.23,2.93
2017-04-15,10.21,18.11,2.99,1.23,5.88
2017-04-16,6.08,15.76,2.49,1.23,4.97
2017-04-17,2.85,14.54,1.97,1.23,3.21
2017-04-18,2.35,16.78,2.56,1.23,2.11
2017-04-19,4.55,18.29,2.46,1.23,3.51
2017-04-20,2.85,14.09,2.54,1.23,3.24
2017-04-21,8.79,16.96,2.87,1.23,6.3
2017-04-22,3.93,15.67,2.44,1.23,2.61
2017-04-23,2.91,17.69,2.53,1.23,3.32
2017-04-24,3.06,20.33,3.99,1.23,2.39
2017-04-25,3.19,17.73,2.24,1.23,3.48
2017-04-26,4.83,17.86,2.16,1.23,4.23
2017-04-27,3.04,19.0,2.92,1.23,2.93
2017-04-28,2.51,18.02,2.7,1.23,3.15
2017-04-29,6.42,17.74,3.2,1.23,4.92
2017-04-30,2.7,19.11,3.23,1.23,2.75
2017-05-01,5.04,18.57,2.9,0.61,3.39
2017-05-02,4.21,18.35,3.05,0.61,4.37
2017-05-03,7.15,17.83,2.97,0.61,5.52
2017-05-04,2.75,17.58,3.58,0.61,3.22
2017-05-05,2.62,19.1,3.07,0.61,2.59
2017-05-06,6.08,17.59,2.47,0.61,5.19
2017-05-07,3.48,19.47,3.1,0.61,4.39
2017-05-08,3.92,16.73,1.56,0.61,3.87
2017-05-09,2.75,19.7,3.04,0.61,3.07
2017-05-10,3.3,18.54,3.32,0.61,2.64
2017-05-11,2.69,16.81,2.86,0.61,2.59
2017-05-12,2.71,18.58,3.01,0.61,2.34
2017-05-13,3.3,17.18,2.94,0.61,3.2
2017-05-14,2.97,17.99,3.24,0.61,2.71
2017-05-15,3.88,17.36,3.27,0.61,3.46
2017-05-16,2.9,17.78,2.95,0.61,2.42
2017-05-17,3.55,19.06,2.83,0.61,3.09
2017-05-18,3.72,18.54,1.96,0.61,2.99
2017-05-19,3.6,16.56,2.97,0.61,3.27
2017-05-20,10.04,16.62,2.8,0.61,5.52
2017-05-21,6.86,18.21,2.89,0.61,5.07
2017-05-22,3.31,18.29,2.57,0.61,3.32
2017-05-23,3.53,17.05,3.04,0.61,3.52
2017-05-24,7.36,19.76,2.96,0.61,4.45
2017-05-25,4.61,18.81,2.91,0.61,4.4
2017-05-26,2.86,17.07,2.64,0.61,3.16
2017-05-27,2.98,16.94,2.82,0.61,3.38
2017-05-28,12.36,17.52,2.27,0.61,6.98
2017-05-29,4.48,17.38,2.93,0.61,3.62
2017-05-30,7.29,19.27,2.7,0.61,5.47
2017-05-31,3.64,18.92,2.66,0.61,4.69
2017-06-01,10.44,17.77,3.12,0.6,7.43
2017-06-02,4.76,18.52,2.48,0.6,4.84
2017-06-03,9.02,18.68,3.26,0.6,6.2
2017-06-04,2.94,17.74,2.8,0.6,3.41
2017-06-05,3.76,18.14,2.16,0.6,4.59
2017-06-06,2.96,18.35,3.4,0.6,4.08
2017-06-07,2.95,18.2,2.95,0.6,3.86
2017-06-08,3.8,16.66,2.76,0.6,5.01
2017-06-09,2.96,16.76,3.02,0.6,3.31
2017-06-10,3.14,17.2,3.28,0.6,3.7
2017-06-11,5.84,16.68,2.68,0.6,4.15
2017-06-12,6.13,15.74,2.71,0.6,5.29
2017-06-13,3.59,18.29,2.99,0.6,4.68
2017-06-14,7.52,17.87,2.64,0.6,5.38
2017-06-15,4.01,15.83,1.84,0.6,4.92
2017-06-16,3.44,17.12,2.75,0.6,4.72
2017-06-17,5.49,17.17,3.23,0.6,4.49
2017-06-18,10.24,17.58,2.97,0.6,7.46
2017-06-19,6.6,16.04,2.08,0.6,6.66
2017-06-20,4.8,15.69,2.89,0.6,5.0
2017-06-21,4.0,17.91,2.66,0.6,4.94
2017-06-22,3.11,15.42,1.58,0.6,3.45
2017-06-23,3.04,16.95,3.05,0.6,4.2
2017-06-24,7.83,16.81,2.24,0.6,6.61
2017-06-25,5.39,17.03,3.37,0.6,4.36
2017-06-26,7.75,17.45,3.18,0.6,5.74
2017-06-27,3.1,19.04,2.86,0.6,4.44
2017-06-28,4.03,15.17,2.56,0.6,4.44
2017-06-29,5.36,18.11,3.79,0.6,5.46
2017-06-30,3.58,14.02,2.6,0.6,4.48
2017-07-01,3.06,18.67,3.0,0.33,4.0
2017-07-02,3.14,14.52,3.43,0.33,3.75
2017-07-03,4.38,19.87,3.13,0.33,4.62
2017-07-04,3.25,16.44,2.8,0.33,4.36
2017-07-05,15.03,18.43,2.49,0.33,10.26
2017-07-06,3.88,18.15,2.15,0.33,4.57
2017-07-07,3.57,16.29,2.43,0.33,5.14
2017-07-08,3.45,16.36,2.57,0.33,4.7
2017-07-09,5.42,15.75,2.59,0.33,5.51
2017-07-10,10.1,17.67,2.18,0.33,7.88
2017-07-11,3.8,16.18,2.79,0.33,4.91
2017-07-12,4.73,15.68,2.12,0.33,4.34
2017-07-13,5.55,17.27,2.93,0.33,5.59
2017-07-14,5.14,15.52,2.8,0.33,6.13
2017-07-15,10.94,16.17,2.37,0.33,8.49
2017-07-16,3.71,16.66,2.21,0.33,4.99
2017-07-17,3.96,15.72,3.08,0.33,4.51
2017-07-18,12.98,15.87,2.83,0.33,9.66
2017-07-19,3.84,18.27,2.9,0.33,4.92
2017-07-20,4.7,16.15,3.11,0.33,5.99
2017-07-21,3.0,15.93,2.52,0.33,4.15
2017-07-22,3.44,16.12,2.27,0.33,4.56
2017-07-23,3.09,16.84,2.22,0.33,4.26
2017-07-24,5.21,15.02,2.31,0.33,6.47
2017-07-25,2.91,16.74,2.92,0.33,4.14
2017-07-26,3.06,16.5,3.13,0.33,3.9
2017-07-27,8.61,14.01,2.21,0.33,6.11
2017-07-28,3.73,18.27,3.33,0.33,4.07
2017-07-29,8.45,17.84,2.69,0.33,7.29
2017-07-30,5.77,15.09,2.05,0.33,6.21
2017-07-31,8.64,14.67,1.78,0.33,7.18
2017-08-01,2.91,16.26,2.34,0.15,4.32
2017-08-02,2.99,14.24,1.73,0.15,5.66
2017-08-03,2.89,17.55,3.54,0.15,5.49
2017-08-04,5.8,15.32,2.57,0.15,6.4
2017-08-05,2.9,17.79,2.73,0.15,5.06
2017-08-06,6.74,14.82,3.01,0.15,7.03
2017-08-07,5.32,15.64,1.93,0.15,6.85
2017-08-08,2.94,17.26,2.63,0.15,4.17
2017-08-09,5.74,15.32,3.2,0.15,5.13
2017-08-10,13.24,16.0,2.44,0.15,10.64
2017-08-11,2.83,16.95,3.62,0.15,3.76
2017-08-12,2.88,14.94,2.66,0.15,3.9
2017-08-13,4.9,14.06,2.73,0.15,4.86
2017-08-14,3.81,13.79,2.7,0.15,4.72
2017-08-15,6.04,16.21,2.53,0.15,4.97
2017-08-16,2.67,15.94,2.3,0.15,3.57
2017-08-17,3.28,16.71,2.56,0.15,4.14
2017-08-18,2.72,15.08,1.97,0.15,3.65
2017-08-19,3.41,13.66,2.12,0.15,5.03
2017-08-20,10.41,12.52,1.98,0.15,8.18
2017-08-21,3.2,18.75,3.59,0.15,4.46
2017-08-22,2.98,15.91,2.72,0.15,4.43
2017-08-23,3.92,15.41,3.36,0.15,4.35
2017-08-24,9.98,15.55,1.57,0.15,8.56
2017-08-25,6.47,13.46,1.63,0.15,6.63
2017-08-26,2.62,14.2,2.09,0.15,4.17
2017-08-27,3.39,17.21,3.28,0.15,3.5
2017-08-28,5.51,15.88,2.44,0.15,5.86
2017-08-29,2.81,14.14,1.63,0.15,3.78
2017-08-30,2.77,13.56,2.04,0.15,4.42
2017-08-31,5.28,14.38,1.78,0.15,5.58
2017-09-01,4.98,14.59,1.73,0.37,4.67
2017-09-02,4.84,17.4,3.51,0.37,4.98
2017-09-03,5.13,14.68,2.16,0.37,5.41
2017-09-04,2.67,13.45,2.19,0.37,4.18
2017-09-05,7.39,14.78,2.28,0.37,6.45
2017-09-06,5.04,15.14,2.27,0.37,4.97
2017-09-07,7.72,13.26,1.75,0.37,7.09
2017-09-08,3.86,15.25,2.26,0.37,4.48
2017-09-09,2.32,16.19,2.66,0.37,3.36
2017-09-10,3.01,14.88,2.9,0.37,4.43
2017-09-11,2.76,13.73,2.54,0.37,4.45
2017-09-12,3.12,14.03,1.72,0.37,4.6
2017-09-13,4.91,12.65,2.39,0.37,4.89
2017-09-14,8.48,14.45,2.46,0.37,5.82
2017-09-15,4.17,14.96,2.09,0.37,5.58
2017-09-16,2.29,13.49,2.2,0.37,2.87
2017-09-17,2.17,16.87,2.86,0.37,3.83
2017-09-18,3.05,15.47,2.44,0.37,5.04
2017-09-19,3.55,12.34,2.14,0.37,4.33
2017-09-20,2.55,12.35,1.61,0.37,4.0
2017-09-21,7.89,13.27,2.89,0.37,6.38
2017-09-22,2.09,16.32,1.78,0.37,3.75
2017-09-23,2.08,15.48,2.65,0.37,4.51
2017-09-24,3.4,16.34,2.7,0.37,3.49
2017-09-25,2.12,14.38,2.51,0.37,2.78
2017-09-26,4.91,14.1,1.93,0.37,4.58
2017-09-27,2.88,12.83,2.49,0.37,4.48
2017-09-28,3.83,14.73,2.27,0.37,3.81
2017-09-29,2.33,14.06,1.73,0.37,3.68
2017-09-30,2.14,13.99,1.76,0.37,3.84
2017-10-01,1.93,16.2,2.58,0.11,3.33
2017-10-02,1.94,14.09,1.57,0.11,3.64
2017-10-03,1.9,15.82,3.19,0.11,3.34
2017-10-04,2.0,12.3,2.36,0.11,2.96
2017-10-05,3.28,17.42,3.44,0.11,2.91
2017-10-06,4.62,13.73,2.85,0.11,4.04
2017-10-07,2.07,15.01,2.21,0.11,2.64
2017-10-08,2.88,15.19,2.03,0.11,4.49
2017-10-09,6.53,13.54,1.06,0.11,5.14
2017-10-10,3.04,15.11,2.2,0.11,3.62
2017-10-11,2.07,15.16,3.08,0.11,1.86
2017-10-12,1.97,13.25,1.76,0.11,2.9
2017-10-13,1.75,13.25,2.0,0.11,2.46
2017-10-14,2.29,14.14,2.0,0.11,3.16
2017-10-15,1.77,13.93,2.34,0.11,2.78
2017-10-16,1.89,15.74,2.97,0.11,2.96
2017-10-17,3.85,14.9,1.72,0.11,4.23
2017-10-18,2.65,13.96,1.66,0.11,2.94
2017-10-19,8.35,14.77,2.91,0.11,5.17
2017-10-20,2.75,11.58,2.13,0.11,2.64
2017-10-21,3.13,13.29,1.99,0.11,3.42
2017-10-22,3.23,14.37,2.94,0.11,3.14
2017-10-23,4.53,15.36,1.86,0.11,4.15
2017-10-24,13.95,14.25,2.61,0.11,8.59
2017-10-25,3.04,15.76,2.44,0.11,4.21
2017-10-26,1.64,15.05,2.6,0.11,1.94
2017-10-27,15.27,13.42,1.16,0.11,9.9
2017-10-28,2.54,13.83,2.07,0.11,3.11
2017-10-29,3.68,14.49,2.57,0.11,3.96
2017-10-30,5.19,13.46,2.09,0.11,5.58
2017-10-31,1.73,15.84,2.98,0.11,2.79
2017-11-01,1.48,12.67,2.49,-0.12,2.88
2017-11-02,1.51,14.38,1.87,-0.12,3.25
2017-11-03,1.44,14.89,2.66,-0.12,2.41
2017-11-04,1.58,13.63,1.75,-0.12,3.0
2017-11-05,1.37,13.36,2.13,-0.12,2.65
2017-11-06,1.62,13.92,2.45,-0.12,1.92
2017-11-07,1.39,14.99,2.01,-0.12,2.17
2017-11-08,1.39,13.42,2.43,-0.12,2.39
2017-11-09,6.22,12.74,1.81,-0.12,5.61
2017-11-10,1.59,15.41,2.18,-0.12,3.07
2017-11-11,8.65,14.52,2.56,-0.12,7.19
2017-11-12,2.68,15.25,2.05,-0.12,3.42
2017-11-13,3.55,14.96,1.99,-0.12,3.44
2017-11-14,1.27,16.68,3.02,-0.12,2.21
2017-11-15,2.62,15.41,2.45,-0.12,2.86
2017-11-16,1.51,13.21,1.5,-0.12,2.33
2017-11-17,3.53,14.65,2.64,-0.12,3.47
2017-11-18,5.26,13.43,1.95,-0.12,4.63
2017-11-19,1.66,13.56,1.57,-0.12,2.02
2017-11-20,1.23,12.43,0.96,-0.12,3.03
2017-11-21,1.18,13.79,2.53,-0.12,1.1
2017-11-22,1.56,14.8,1.98,-0.12,2.14
2017-11-23,2.26,14.08,1.71,-0.12,3.23
2017-11-24,1.72,12.85,2.28,-0.12,2.48
2017-11-25,13.36,12.36,2.28,-0.12,8.36
2017-11-26,1.85,16.73,2.3,-0.12,3.55
2017-11-27,7.16,14.61,2.66,-0.12,5.11
2017-11-28,5.96,13.24,2.91,-0.12,3.73
2017-11-29,3.55,14.8,2.86,-0.12,3.71
2017-11-30,2.01,16.89,3.11,-0.12,1.66
2017-12-01,5.8,15.03,2.48,-0.08,4.3
2017-12-02,1.49,10.96,1.57,-0.08,3.0
2017-12-03,1.83,17.5,2.7,-0.08,2.27
2017-12-04,1.14,12.12,2.09,-0.08,2.51
2017-12-05,1.9,14.11,1.71,-0.08,2.07
2017-12-06,7.27,13.02,1.74,-0.08,5.97
2017-12-07,5.24,13.51,1.56,-0.08,3.78
2017-12-08,1.54,14.76,2.41,-0.08,3.11
2017-12-09,7.18,11.95,1.93,-0.08,5.35
2017-12-10,1.94,14.35,1.99,-0.08,3.6
2017-12-11,1.04,15.86,2.81,-0.08,1.84
2017-12-12,5.07,13.49,1.71,-0.08,5.44
2017-12-13,1.33,12.86,1.75,-0.08,2.01
2017-12-14,1.08,14.39,2.57,-0.08,1.27
2017-12-15,2.27,14.17,2.6,-0.08,2.63
2017-12-16,2.65,13.89,1.86,-0.08,3.59
2017-12-17,1.06,13.2,2.17,-0.08,2.41
2017-12-18,2.14,15.27,2.08,-0.08,3.11
2017-12-19,1.1,15.39,2.33,-0.08,2.3
2017-12-20,6.05,13.42,2.17,-0.08,4.12
2017-12-21,2.69,13.62,2.37,-0.08,3.13
2017-12-22,5.55,14.92,2.46,-0.08,4.31
2017-12-23,5.58,13.63,2.25,-0.08,4.07
2017-12-24,1.8,15.02,1.92,-0.08,2.62
2017-12-25,1.56,16.6,2.75,-0.08,2.09
2017-12-26,1.06,14.79,2.54,-0.08,2.65
2017-12-27,1.29,13.44,2.39,-0.08,1.66
2017-12-28,2.36,15.39,2.12,-0.08,2.22
2017-12-29,2.18,14.74,2.68,-0.08,1.88
2017-12-30,4.59,14.8,1.79,-0.08,4.7
2017-12-31,2.47,15.58,2.27,-0.08,2.2
2018-01-01,1.43,15.87,2.37,0.14,2.55
2018-01-02,0.99,15.12,1.86,0.14,1.23
2018-01-03,1.03,15.03,2.24,0.14,1.9
2018-01-04,2.11,17.61,2.83,0.14,2.07
2018-01-05,1.29,16.61,1.86,0.14,2.35
2018-01-06,8.37,16.2,2.37,0.14,5.83
2018-01-07,1.03,15.39,1.71,0.14,1.83
2018-01-08,7.12,14.05,3.02,0.14,4.32
2018-01-09,1.25,16.65,2.68,0.14,2.58
2018-01-10,2.46,15.5,2.48,0.14,2.03
2018-01-11,3.09,14.66,2.39,0.14,1.54
2018-01-12,2.81,15.1,2.61,0.14,1.55
2018-01-13,1.94,14.26,2.63,0.14,1.19
2018-01-14,1.65,16.72,1.98,0.14,2.27
2018-01-15,1.63,16.31,3.07,0.14,2.74
2018-01-16,2.26,15.74,2.96,0.14,0.91
2018-01-17,3.58,15.5,2.4,0.14,2.36
2018-01-18,1.65,14.77,2.27,0.14,1.83
2018-01-19,1.08,13.07,0.82,0.14,2.6
2018-01-20,3.56,13.96,1.7,0.14,2.48
2018-01-21,5.83,14.8,2.53,0.14,4.19
2018-01-22,1.51,14.65,2.78,0.14,1.53
2018-01-23,2.48,16.11,2.81,0.14,3.4
2018-01-24,2.35,16.77,2.58,0.14,2.14
2018-01-25,1.26,15.67,3.22,0.14,1.66
2018-01-26,1.22,17.55,3.14,0.14,1.47
2018-01-27,3.08,14.96,2.19,0.14,2.21
2018-01-28,1.71,15.77,3.34,0.14,1.89
2018-01-29,4.35,15.9,2.05,0.14,2.51
2018-01-30,12.07,17.31,2.11,0.14,6.21
2018-01-31,4.62,16.16,2.36,0.14,3.49
2018-02-01,1.5,16.23,2.23,0.04,2.42
2018-02-02,1.23,14.12,2.07,0.04,1.56
2018-02-03,1.34,15.06,2.68,0.04,1.78
2018-02-04,1.35,17.49,2.71,0.04,1.0
2018-02-05,15.53,13.72,2.15,0.04,9.84
2018-02-06,10.61,17.85,2.8,0.04,7.28
2018-02-07,1.24,16.87,1.71,0.04,2.49
2018-02-08,6.46,15.41,1.81,0.04,5.26
2018-02-09,4.06,15.34,2.25,0.04,3.19
2018-02-10,2.89,18.65,2.56,0.04,2.51
2018-02-11,16.87,18.1,2.72,0.04,10.55
2018-02-12,1.41,16.3,3.11,0.04,3.02
2018-02-13,3.05,16.64,2.57,0.04,3.88
2018-02-14,7.92,15.74,1.93,0.04,6.16
2018-02-15,1.8,16.71,2.29,0.04,3.48
2018-02-16,1.38,15.77,3.15,0.04,3.38
2018-02-17,2.06,16.52,3.19,0.04,2.77
2018-02-18,12.77,18.81,3.16,0.04,8.64
2018-02-19,3.77,16.56,1.96,0.04,4.18
2018-02-20,1.48,15.45,2.54,0.04,2.83
2018-02-21,1.64,15.1,2.52,0.04,2.96
2018-02-22,1.62,16.92,2.65,0.04,3.59
2018-02-23,1.64,15.89,2.26,0.04,3.22
2018-02-24,1.49,17.13,2.52,0.04,2.94
2018-02-25,2.6,14.92,2.08,0.04,2.93
2018-02-26,3.32,17.72,2.3,0.04,3.0
2018-02-27,3.61,15.65,2.99,0.04,3.6
2018-02-28,2.29,17.01,3.0,0.04,3.3
2018-03-01,1.75,16.58,2.47,0.41,3.31
2018-03-02,1.56,19.08,3.1,0.41,0.9
2018-03-03,1.59,17.25,2.84,0.41,3.35
2018-03-04,2.22,19.41,3.95,0.41,2.3
2018-03-05,11.07,17.78,3.12,0.41,7.14
2018-03-06,2.34,18.84,3.26,0.41,1.66
2018-03-07,3.19,16.91,2.65,0.41,2.93
2018-03-08,3.29,17.6,2.57,0.41,3.51
2018-03-09,1.68,18.68,3.45,0.41,1.49
2018-03-10,1.78,18.33,3.11,0.41,0.67
2018-03-11,3.21,17.91,2.45,0.41,3.09
2018-03-12,2.24,16.9,2.82,0.41,2.31
2018-03-13,3.98,17.13,3.0,0.41,3.84
2018-03-14,2.66,18.71,2.07,0.41,2.63
2018-03-15,4.57,18.99,2.58,0.41,3.48
2018-03-16,4.61,16.69,2.75,0.41,3.9
2018-03-17,3.78,16.53,1.81,0.41,3.92
2018-03-18,4.68,16.36,1.85,0.41,3.53
2018-03-19,2.32,18.47,2.76,0.41,2.99
2018-03-20,2.17,16.38,2.75,0.41,2.14
2018-03-21,4.75,18.5,3.09,0.41,3.57
2018-03-22,2.59,18.19,3.46,0.41,2.76
2018-03-23,2.35,16.91,2.67,0.41,2.87
2018-03-24,2.19,19.46,2.87,0.41,2.44
2018-03-25,2.32,15.85,1.95,0.41,1.99
2018-03-26,2.19,19.61,2.89,0.41,1.27
2018-03-27,3.32,18.03,3.09,0.41,2.58
2018-03-28,3.79,15.17,2.68,0.41,3.49
2018-03-29,9.12,19.59,3.14,0.41,5.82
2018-03-30,2.05,18.87,3.15,0.41,2.35
2018-03-31,4.41,17.2,3.19,0.41,3.35
2018-04-01,3.28,16.58,2.62,0.09,3.16
2018-04-02,2.66,15.87,3.03,0.09,2.07
2018-04-03,4.63,20.67,2.91,0.09,4.0
2018-04-04,4.56,16.68,2.57,0.09,4.12
2018-04-05,3.6,16.28,2.35,0.09,3.11
2018-04-06,2.21,18.14,3.14,0.09,2.56
2018-04-07,4.63,15.86,2.07,0.09,3.0
2018-04-08,2.52,16.66,2.47,0.09,2.77
2018-04-09,2.73,19.05,2.21,0.09,2.77
2018-04-10,2.73,18.42,3.1,0.09,3.2
2018-04-11,3.59,17.42,3.21,0.09,2.87
2018-04-12,2.29,17.91,3.15,0.09,2.72
2018-04-13,3.43,17.37,3.03,0.09,2.68
2018-04-14,3.77,17.84,3.11,0.09,1.89
2018-04-15,5.51,17.01,2.93,0.09,3.9
2018-04-16,2.57,17.24,2.93,0.09,2.62
2018-04-17,6.44,17.21,2.95,0.09,4.61
2018-04-18,5.77,17.08,2.4,0.09,4.52
2018-04-19,5.47,19.21,2.9,0.09,3.97
2018-04-20,4.07,18.89,2.96,0.09,3.37
2018-04-21,2.41,16.85,2.49,0.09,2.22
2018-04-22,2.68,16.54,1.95,0.09,2.02
2018-04-23,3.51,17.79,2.27,0.09,3.3
2018-04-24,6.98,20.57,3.28,0.09,4.56
2018-04-25,3.07,16.76,2.98,0.09,3.59
2018-04-26,5.24,17.8,2.77,0.09,3.13
2018-04-27,9.38,18.1,3.92,0.09,6.33
2018-04-28,3.63,17.87,2.41,0.09,4.76
2018-04-29,3.35,17.45,2.9,0.09,3.32
2018-04-30,5.01,19.39,3.52,0.09,4.1
2018-05-01,16.5,18.55,3.31,-0.28,11.0
2018-05-02,2.57,19.01,3.21,-0.28,3.64
2018-05-03,3.82,18.71,3.33,-0.28,3.77
2018-05-04,3.69,19.07,2.98,-0.28,3.47
2018-05-05,2.86,19.9,3.75,-0.28,3.58
2018-05-06,2.83,19.59,3.55,-0.28,2.27
2018-05-07,2.7,20.78,2.88,-0.28,3.69
2018-05-08,4.31,19.45,3.15,-0.28,3.86
2018-05-09,5.38,17.18,2.06,-0.28,4.96
2018-05-10,11.19,18.99,3.56,-0.28,7.62
2018-05-11,2.84,18.82,3.01,-0.28,4.27
2018-05-12,2.92,20.27,3.68,-0.28,3.47
2018-05-13,3.14,16.8,2.58,-0.28,3.55
2018-05-14,3.07,18.62,2.15,-0.28,3.58
2018-05-15,2.93,17.13,3.72,-0.28,3.13
2018-05-16,3.34,18.55,2.94,-0.28,4.78
2018-05-17,2.84,17.67,2.35,-0.28,2.78
2018-05-18,3.43,18.49,3.33,-0.28,4.0
2018-05-19,2.78,16.21,3.35,-0.28,3.34
2018-05-20,2.81,18.85,2.85,-0.28,3.92
2018-05-21,6.68,18.13,2.78,-0.28,5.63
2018-05-22,13.39,18.06,2.9,-0.28,9.17
2018-05-23,5.19,20.2,2.69,-0.28,5.44
2018-05-24,3.02,17.39,2.43,-0.28,3.92
2018-05-25,3.97,18.25,3.55,-0.28,4.36
2018-05-26,14.61,17.94,2.74,-0.28,10.9
2018-05-27,7.41,18.04,2.47,-0.28,6.62
2018-05-28,3.05,20.46,2.99,-0.28,3.85
2018-05-29,5.84,17.85,3.21,-0.28,5.19
2018-05-30,3.19,17.08,1.87,-0.28,4.64
2018-05-31,3.33,19.99,3.2,-0.28,3.64
2018-06-01,4.25,17.36,3.69,-0.66,4.31
2018-06-02,6.05,15.78,3.28,-0.66,5.17
2018-06-03,3.2,16.8,2.85,-0.66,4.36
2018-06-04,3.38,16.18,3.05,-0.66,3.72
2018-06-05,2.94,15.49,2.95,-0.66,3.17
2018-06-06,3.2,17.2,2.63,-0.66,3.45
2018-06-07,2.96,17.53,3.1,-0.66,3.38
2018-06-08,2.96,19.01,3.67,-0.66,3.2
2018-06-09,4.27,18.33,2.34,-0.66,4.68
2018-06-10,3.05,18.25,3.07,-0.66,3.52
2018-06-11,4.37,16.46,2.71,-0.66,4.64
2018-06-12,4.11,18.57,2.93,-0.66,4.46
2018-06-13,9.6,19.15,2.98,-0.66,7.87
2018-06-14,5.17,17.93,2.88,-0.66,4.1
2018-06-15,4.84,17.94,2.92,-0.66,4.31
2018-06-16,2.99,15.89,2.93,-0.66,4.05
2018-06-17,8.45,18.65,3.09,-0.66,7.04
2018-06-18,3.84,19.5,2.95,-0.66,4.84
2018-06-19,3.37,17.72,2.42,-0.66,3.42
2018-06-20,4.97,16.6,2.4,-0.66,4.88
2018-06-21,3.72,17.09,2.77,-0.66,4.14
2018-06-22,5.07,16.75,2.33,-0.66,5.28
2018-06-23,3.22,16.8,3.0,-0.66,3.93
2018-06-24,3.11,17.98,2.97,-0.66,4.03
2018-06-25,5.43,17.51,3.18,-0.66,5.02
2018-06-26,3.05,18.35,2.6,-0.66,4.54
2018-06-27,5.55,17.56,2.4,-0.66,6.21
2018-06-28,6.07,16.05,2.96,-0.66,4.99
2018-06-29,4.51,16.46,2.62,-0.66,4.8
2018-06-30,5.68,16.36,2.47,-0.66,5.92
2018-07-01,5.8,16.78,2.9,-1.08,5.97
2018-07-02,3.12,19.13,3.23,-1.08,3.69
2018-07-03,3.81,19.29,2.49,-1.08,4.64
2018-07-04,6.64,17.92,3.34,-1.08,5.23
2018-07-05,3.7,17.02,2.49,-1.08,4.47
2018-07-06,3.16,15.22,3.06,-1.08,3.2
2018-07-07,3.0,17.08,2.13,-1.08,4.32
2018-07-08,4.19,15.84,2.6,-1.08,4.08
2018-07-09,4.83,18.71,2.83,-1.08,5.04
2018-07-10,2.99,14.8,1.53,-1.08,4.37
2018-07-11,18.36,17.15,2.94,-1.08,13.56
2018-07-12,3.4,15.61,1.67,-1.08,4.58
2018-07-13,3.74,16.61,2.48,-1.08,4.71
2018-07-14,3.48,17.39,3.15,-1.08,4.99
2018-07-15,3.62,17.79,2.56,-1.08,4.4
2018-07-16,3.38,16.45,2.21,-1.08,4.55
2018-07-17,4.87,17.41,3.03,-1.08,4.9
2018-07-18,3.24,15.67,2.35,-1.08,4.87
2018-07-19,3.91,16.72,2.45,-1.08,4.75
2018-07-20,8.99,17.6,3.25,-1.08,7.28
2018-07-21,5.14,16.76,2.15,-1.08,5.71
2018-07-22,3.57,15.69,2.27,-1.08,4.57
2018-07-23,2.92,15.96,2.84,-1.08,4.76
2018-07-24,6.35,17.48,2.23,-1.08,6.34
2018-07-25,4.41,14.91,3.05,-1.08,4.24
2018-07-26,2.91,15.06,2.27,-1.08,4.46
2018-07-27,3.04,16.88,2.98,-1.08,4.9
2018-07-28,3.03,15.59,2.79,-1.08,4.6
2018-07-29,2.94,14.34,2.19,-1.08,3.52
2018-07-30,3.06,17.67,2.56,-1.08,3.84
2018-07-31,3.41,14.7,2.29,-1.08,4.22
2018-08-01,6.19,15.74,2.75,-0.99,5.79
2018-08-02,4.49,15.2,1.99,-0.99,5.22
2018-08-03,7.58,15.56,1.95,-0.99,6.82
2018-08-04,3.15,14.82,2.92,-0.99,3.57
2018-08-05,6.89,16.7,2.31,-0.99,6.99
2018-08-06,2.94,15.94,2.63,-0.99,3.46
2018-08-07,4.28,16.96,2.56,-0.99,4.42
2018-08-08,3.82,15.01,2.29,-0.99,4.05
2018-08-09,4.32,18.27,3.41,-0.99,4.86
2018-08-10,2.75,13.39,2.07,-0.99,4.02
2018-08-11,9.98,13.74,2.02,-0.99,8.92
2018-08-12,2.73,17.71,2.65,-0.99,3.53
2018-08-13,6.95,16.14,2.32,-0.99,5.99
2018-08-14,2.7,15.95,2.22,-0.99,3.84
2018-08-15,2.69,16.02,2.3,-0.99,3.87
2018-08-16,4.35,16.16,3.19,-0.99,4.77
2018-08-17,3.17,15.8,2.75,-0.99,3.2
2018-08-18,2.87,14.25,2.1,-0.99,4.25
2018-08-19,5.59,16.36,2.95,-0.99,4.96
2018-08-20,4.51,16.13,1.89,-0.99,4.77
2018-08-21,5.33,17.02,3.2,-0.99,5.8
2018-08-22,2.62,17.39,3.23,-0.99,2.42
2018-08-23,2.64,15.64,3.34,-0.99,3.58
2018-08-24,10.15,13.74,2.57,-0.99,8.46
2018-08-25,2.6,17.31,2.87,-0.99,3.26
2018-08-26,2.67,13.93,2.71,-0.99,3.47
2018-08-27,2.8,15.52,2.18,-0.99,4.48
2018-08-28,2.58,14.78,2.16,-0.99,4.67
2018-08-29,22.16,14.54,2.26,-0.99,16.45
2018-08-30,2.49,15.94,3.04,-0.99,4.89
2018-08-31,4.24,15.29,2.05,-0.99,4.92
2018-09-01,4.35,15.58,2.05,-1.24,4.6
2018-09-02,3.33,13.96,2.29,-1.24,4.62
2018-09-03,5.84,14.7,2.59,-1.24,6.53
2018-09-04,3.01,13.96,1.91,-1.24,3.62
2018-09-05,2.69,14.61,2.56,-1.24,3.6
2018-09-06,3.97,14.68,2.85,-1.24,4.32
2018-09-07,2.46,17.01,3.13,-1.24,3.8
2018-09-08,17.08,14.46,2.41,-1.24,13.41
2018-09-09,2.73,12.19,1.89,-1.24,4.18
2018-09-10,2.3,16.39,3.25,-1.24,3.86
2018-09-11,11.09,15.23,2.39,-1.24,9.1
2018-09-12,2.75,14.51,2.65,-1.24,4.16
2018-09-13,2.98,14.11,3.0,-1.24,3.69
2018-09-14,2.95,13.48,2.46,-1.24,4.33
2018-09-15,8.33,16.91,2.24,-1.24,7.51
2018-09-16,4.09,14.63,1.8,-1.24,5.77
2018-09-17,9.07,12.46,1.85,-1.24,8.62
2018-09-18,3.11,14.91,2.62,-1.24,4.54
2018-09-19,9.05,15.94,2.67,-1.24,9.32
2018-09-20,2.45,14.66,3.18,-1.24,4.3
2018-09-21,3.01,13.37,2.28,-1.24,4.48
2018-09-22,2.15,13.24,1.95,-1.24,3.84
2018-09-23,2.17,13.31,1.64,-1.24,3.56
2018-09-24,3.4,16.21,3.0,-1.24,4.4
2018-09-25,2.62,14.28,2.24,-1.24,4.27
2018-09-26,2.1,12.33,1.35,-1.24,3.03
2018-09-27,3.89,14.79,2.33,-1.24,4.08
2018-09-28,5.14,14.48,1.87,-1.24,5.45
2018-09-29,6.13,13.75,1.99,-1.24,5.8
2018-09-30,1.98,13.05,2.06,-1.24,3.71
2018-10-01,5.3,12.98,1.68,-1.59,6.12
2018-10-02,10.34,15.54,2.24,-1.59,9.26
2018-10-03,6.48,14.52,1.98,-1.59,7.25
2018-10-04,6.03,14.78,2.03,-1.59,6.43
2018-10-05,1.95,14.49,1.87,-1.59,4.01
2018-10-06,2.33,14.57,2.09,-1.59,3.62
2018-10-07,2.4,13.6,1.78,-1.59,4.34
2018-10-08,1.82,13.9,2.42,-1.59,3.55
2018-10-09,5.27,15.54,2.51,-1.59,5.13
2018-10-10,1.84,15.82,2.95,-1.59,3.19
2018-10-11,1.96,12.65,2.75,-1.59,3.29
2018-10-12,1.74,13.85,2.45,-1.59,3.3
2018-10-13,4.44,15.1,2.54,-1.59,5.04
2018-10-14,8.43,16.34,2.85,-1.59,7.14
2018-10-15,2.1,16.21,2.72,-1.59,3.75
2018-10-16,1.93,13.11,2.09,-1.59,3.65
2018-10-17,2.72,15.59,2.43,-1.59,3.36
2018-10-18,1.64,14.12,1.81,-1.59,2.57
2018-10-19,2.98,15.29,2.73,-1.59,3.34
2018-10-20,1.79,14.98,2.33,-1.59,2.21
2018-10-21,4.29,12.51,2.56,-1.59,4.6
2018-10-22,3.04,14.68,2.67,-1.59,4.21
2018-10-23,6.02,15.22,2.13,-1.59,6.51
2018-10-24,7.34,13.99,2.7,-1.59,6.04
2018-10-25,1.57,13.71,1.13,-1.59,3.69
2018-10-26,1.67,12.12,2.69,-1.59,2.81
2018-10-27,2.49,14.82,1.79,-1.59,2.34
2018-10-28,1.62,14.25,2.44,-1.59,2.52
2018-10-29,2.96,12.89,2.21,-1.59,3.38
2018-10-30,5.84,13.61,2.59,-1.59,6.01
2018-10-31,3.89,14.19,2.1,-1.59,3.88
2018-11-01,1.43,13.33,1.24,-1.49,3.2
2018-11-02,1.44,14.0,2.07,-1.49,2.54
2018-11-03,1.6,11.9,1.8,-1.49,1.98
2018-11-04,7.28,15.62,1.62,-1.49,6.25
2018-11-05,3.8,14.03,2.22,-1.49,4.89
2018-11-06,1.37,12.69,1.57,-1.49,2.62
2018-11-07,3.13,11.06,2.02,-1.49,4.13
2018-11-08,2.22,15.26,2.29,-1.49,3.39
2018-11-09,1.55,14.7,3.09,-1.49,1.96
2018-11-10,2.0,14.28,2.14,-1.49,2.08
2018-11-11,13.03,15.07,2.53,-1.49,9.4
2018-11-12,3.91,15.08,2.28,-1.49,4.98
2018-11-13,1.32,14.29,1.59,-1.49,2.82
2018-11-14,2.19,13.75,2.08,-1.49,2.22
2018-11-15,1.25,13.57,2.44,-1.49,2.7
2018-11-16,1.41,14.58,2.53,-1.49,1.38
2018-11-17,4.56,15.76,2.35,-1.49,3.96
2018-11-18,1.34,13.97,1.61,-1.49,2.53
2018-11-19,1.7,15.88,2.74,-1.49,3.54
2018-11-20,1.79,14.57,2.45,-1.49,2.78
2018-11-21,2.1,14.59,2.63,-1.49,2.22
2018-11-22,1.89,17.03,2.55,-1.49,2.31
2018-11-23,2.17,16.14,1.85,-1.49,3.13
2018-11-24,2.37,16.19,2.74,-1.49,3.19
2018-11-25,1.48,13.23,2.08,-1.49,1.94
2018-11-26,1.41,16.83,3.18,-1.49,1.6
2018-11-27,7.88,14.12,2.23,-1.49,5.79
2018-11-28,1.56,13.96,2.18,-1.49,2.47
2018-11-29,3.04,11.66,2.02,-1.49,3.65
2018-11-30,2.1,14.66,2.06,-1.49,1.52
2018-12-01,1.23,12.98,1.79,-1.29,1.76
2018-12-02,2.22,14.79,2.28,-1.29,1.78
2018-12-03,14.35,12.92,1.67,-1.29,10.59
2018-12-04,2.7,16.49,2.48,-1.29,2.41
2018-12-05,2.58,15.02,3.13,-1.29,2.04
2018-12-06,1.07,17.11,3.08,-1.29,2.55
2018-12-07,3.5,13.17,2.2,-1.29,3.41
2018-12-08,6.57,16.28,3.16,-1.29,5.16
2018-12-09,1.05,12.28,1.61,-1.29,2.4
2018-12-10,1.89,14.71,3.3,-1.29,2.59
2018-12-11,1.17,13.73,1.97,-1.29,1.79
2018-12-12,4.35,13.97,3.0,-1.29,3.48
2018-12-13,1.61,13.91,2.99,-1.29,1.72
2018-12-14,1.06,13.46,1.42,-1.29,2.55
2018-12-15,1.46,13.07,2.65,-1.29,1.77
2018-12-16,2.04,14.07,2.1,-1.29,2.16
2018-12-17,1.07,14.77,2.09,-1.29,1.84
2018-12-18,11.47,16.05,2.72,-1.29,9.11
2018-12-19,2.83,15.03,1.95,-1.29,3.11
2018-12-20,2.22,16.1,2.72,-1.29,2.28
2018-12-21,1.05,12.96,1.67,-1.29,2.92
2018-12-22,7.06,14.24,2.31,-1.29,6.28
2018-12-23,1.35,15.64,2.98,-1.29,2.48
2018-12-24,3.11,15.22,2.54,-1.29,2.77
2018-12-25,1.35,13.8,2.03,-1.29,1.72
2018-12-26,5.97,15.99,2.71,-1.29,3.85
2018-12-27,8.61,14.26,1.68,-1.29,7.42
2018-12-28,1.05,13.99,1.86,-1.29,2.16
2018-12-29,1.34,15.54,2.26,-1.29,1.21
2018-12-30,1.0,14.99,2.66,-1.29,2.5
2018-12-31,8.14,14.38,2.42,-1.29,6.2
2019-01-01,2.83,14.37,2.47,-1.02,2.9
2019-01-02,1.02,13.79,2.16,-1.02,1.22
2019-01-03,1.0,14.63,1.98,-1.02,2.15
2019-01-04,1.0,16.45,3.16,-1.02,2.07
2019-01-05,1.27,15.46,2.14,-1.02,1.85
2019-01-06,1.11,16.35,2.72,-1.02,1.48
2019-01-07,1.09,15.85,2.43,-1.02,2.93
2019-01-08,1.56,14.53,2.5,-1.02,1.15
2019-01-09,5.13,13.31,1.85,-1.02,3.8
2019-01-10,2.62,14.21,2.65,-1.02,2.76
2019-01-11,1.38,14.55,2.83,-1.02,1.07
2019-01-12,1.68,14.49,2.67,-1.02,1.19
2019-01-13,2.08,16.6,2.65,-1.02,2.51
2019-01-14,7.71,16.62,2.42,-1.02,5.84
2019-01-15,4.33,18.14,3.95,-1.02,3.34
2019-01-16,1.46,14.61,1.89,-1.02,2.05
2019-01-17,4.18,17.47,3.07,-1.02,2.91
2019-01-18,3.05,17.5,2.86,-1.02,2.51
2019-01-19,1.72,15.34,2.38,-1.02,1.9
2019-01-20,1.42,16.23,2.61,-1.02,2.06
2019-01-21,3.65,17.18,2.47,-1.02,3.24
2019-01-22,1.5,15.65,2.62,-1.02,1.19
2019-01-23,1.14,15.6,2.57,-1.02,1.87
2019-01-24,1.8,15.04,3.43,-1.02,0.63
2019-01-25,11.72,13.0,2.48,-1.02,7.83
2019-01-26,1.13,15.95,2.7,-1.02,1.12
2019-01-27,2.16,15.04,2.59,-1.02,1.74
2019-01-28,7.32,14.64,3.03,-1.02,6.22
2019-01-29,2.13,16.47,2.18,-1.02,1.66
2019-01-30,2.49,14.26,2.17,-1.02,2.18
2019-01-31,1.17,17.0,1.89,-1.02,2.08
2019-02-01,1.6,16.65,2.82,-0.81,1.51
2019-02-02,3.41,15.62,2.78,-0.81,2.88
2019-02-03,1.21,16.06,2.11,-0.81,2.39
2019-02-04,1.61,14.74,2.89,-0.81,1.95
2019-02-05,5.3,17.11,2.38,-0.81,3.75
2019-02-06,1.41,16.47,2.43,-0.81,1.61
2019-02-07,4.79,16.59,2.64,-0.81,3.89
2019-02-08,1.33,16.91,3.27,-0.81,1.88
2019-02-09,1.98,15.57,2.09,-0.81,2.08
2019-02-10,3.15,14.55,2.4,-0.81,2.85
2019-02-11,1.37,17.56,3.04,-0.81,1.67
2019-02-12,4.48,17.27,2.92,-0.81,3.23
2019-02-13,3.02,15.83,2.72,-0.81,2.2
2019-02-14,10.6,17.0,2.95,-0.81,7.44
2019-02-15,2.21,18.05,2.59,-0.81,2.46
2019-02-16,1.63,17.94,3.47,-0.81,0.67
2019-02-17,8.83,15.93,2.45,-0.81,5.89
2019-02-18,38.46,14.86,2.23,-0.81,24.49
2019-02-19,2.21,15.09,2.9,-0.81,3.49
2019-02-20,1.41,16.33,2.3,-0.81,3.79
2019-02-21,2.41,18.49,3.0,-0.81,5.08
2019-02-22,1.99,15.9,2.2,-0.81,2.16
2019-02-23,1.45,16.09,3.52,-0.81,2.91
2019-02-24,2.13,16.09,3.44,-0.81,2.93
2019-02-25,1.72,16.23,2.49,-0.81,2.76
2019-02-26,1.9,16.88,2.84,-0.81,3.03
2019-02-27,1.56,15.39,2.41,-0.81,2.68
2019-02-28,1.63,18.26,2.7,-0.81,2.29
2019-03-01,2.77,16.81,2.67,-1.04,3.15
2019-03-02,2.29,19.99,3.08,-1.04,2.93
2019-03-03,1.7,15.64,1.84,-1.04,2.85
2019-03-04,2.14,18.98,3.05,-1.04,2.55
2019-03-05,2.36,18.77,2.9,-1.04,2.29
2019-03-06,2.35,16.64,2.72,-1.04,3.99
2019-03-07,2.81,16.69,2.57,-1.04,3.06
2019-03-08,4.79,16.08,2.37,-1.04,4.56
2019-03-09,1.82,16.13,2.87,-1.04,1.94
2019-03-10,1.7,17.24,2.9,-1.04,2.14
2019-03-11,6.76,17.3,3.25,-1.04,5.16
2019-03-12,1.77,15.37,2.6,-1.04,1.27
2019-03-13,3.61,20.08,3.03,-1.04,2.84
2019-03-14,2.2,17.04,2.9,-1.04,1.98
2019-03-15,5.93,17.45,1.93,-1.04,4.67
2019-03-16,4.5,16.65,3.44,-1.04,3.16
2019-03-17,1.84,17.1,2.78,-1.04,2.26
2019-03-18,2.85,17.02,3.53,-1.04,3.28
2019-03-19,5.84,17.47,2.37,-1.04,4.87
2019-03-20,5.28,17.48,2.27,-1.04,3.98
2019-03-21,3.05,18.48,3.02,-1.04,2.48
2019-03-22,2.22,17.81,2.92,-1.04,2.29
2019-03-23,6.97,18.41,3.0,-1.04,4.7
2019-03-24,8.88,17.57,2.81,-1.04,6.95
2019-03-25,2.66,17.88,2.53,-1.04,3.81
2019-03-26,2.02,17.33,2.11,-1.04,2.53
2019-03-27,2.46,18.85,3.04,-1.04,2.79
2019-03-28,2.49,18.05,2.29,-1.04,2.74
2019-03-29,2.27,17.49,2.17,-1.04,2.5
2019-03-30,4.61,17.47,2.57,-1.04,4.23
2019-03-31,18.95,17.59,2.91,-1.04,12.81
2019-04-01,2.07,17.77,3.56,-0.97,2.39
2019-04-02,2.11,17.68,3.14,-0.97,2.05
2019-04-03,4.23,17.1,3.24,-0.97,4.1
2019-04-04,2.27,18.7,3.17,-0.97,3.4
2019-04-05,2.29,18.79,3.07,-0.97,3.19
2019-04-06,5.2,19.95,4.1,-0.97,5.02
2019-04-07,3.19,17.1,2.14,-0.97,3.31
2019-04-08,2.76,18.64,2.73,-0.97,3.6
2019-04-09,4.41,15.56,2.3,-0.97,3.75
2019-04-10,3.39,18.86,3.29,-0.97,3.74
2019-04-11,4.65,16.13,2.13,-0.97,5.33
2019-04-12,2.38,16.71,2.91,-0.97,3.12
2019-04-13,3.99,18.3,3.08,-0.97,4.61
2019-04-14,2.52,17.17,3.0,-0.97,2.58
2019-04-15,2.88,17.01,2.97,-0.97,2.99
2019-04-16,2.47,17.35,3.32,-0.97,2.2
2019-04-17,2.84,18.82,2.9,-0.97,2.98
2019-04-18,2.55,16.83,2.84,-0.97,2.9
2019-04-19,5.7,17.89,2.49,-0.97,4.82
2019-04-20,2.45,17.51,2.34,-0.97,2.66
2019-04-21,3.64,18.95,3.65,-0.97,2.95
2019-04-22,3.66,18.99,2.62,-0.97,3.68
2019-04-23,17.73,15.78,2.72,-0.97,12.23
2019-04-24,4.27,19.24,3.2,-0.97,3.65
2019-04-25,2.87,17.26,3.16,-0.97,2.4
2019-04-26,5.97,18.28,2.18,-0.97,5.25
2019-04-27,6.25,16.87,2.99,-0.97,4.86
2019-04-28,16.37,18.44,2.84,-0.97,11.59
2019-04-29,2.56,21.06,3.02,-0.97,3.51
2019-04-30,4.06,18.15,2.72,-0.97,4.6
2019-05-01,2.82,17.45,3.13,-0.84,3.4
2019-05-02,5.32,17.72,3.05,-0.84,6.32
2019-05-03,8.32,16.24,2.48,-0.84,6.64
2019-05-04,2.61,19.74,2.6,-0.84,4.46
2019-05-05,2.66,18.37,2.43,-0.84,3.78
2019-05-06,2.81,16.73,2.91,-0.84,3.41
2019-05-07,3.84,16.77,2.1,-0.84,4.85
2019-05-08,4.04,18.0,2.75,-0.84,4.24
2019-05-09,2.94,19.1,4.04,-0.84,2.97
2019-05-10,2.83,16.6,2.77,-0.84,4.52
2019-05-11,7.31,19.31,3.29,-0.84,5.06
2019-05-12,2.77,17.86,2.35,-0.84,3.63
2019-05-13,5.53,16.84,2.14,-0.84,5.56
2019-05-14,2.73,17.39,3.03,-0.84,4.22
2019-05-15,4.17,20.04,2.99,-0.84,4.15
2019-05-16,2.75,16.27,3.01,-0.84,4.79
2019-05-17,3.03,17.05,2.71,-0.84,4.04
2019-05-18,4.6,19.06,4.38,-0.84,2.88
2019-05-19,17.46,18.17,2.64,-0.84,11.78
2019-05-20,3.23,16.95,2.8,-0.84,4.29
2019-05-21,2.82,19.04,2.64,-0.84,3.34
2019-05-22,3.17,19.09,3.42,-0.84,4.1
2019-05-23,5.17,18.26,3.06,-0.84,4.88
2019-05-24,3.99,17.11,2.32,-0.84,4.02
2019-05-25,2.89,17.29,2.61,-0.84,3.36
2019-05-26,3.44,18.16,3.41,-0.84,4.3
2019-05-27,4.27,16.23,3.08,-0.84,3.43
2019-05-28,3.39,19.39,2.48,-0.84,4.59
2019-05-29,13.19,19.82,2.93,-0.84,10.47
2019-05-30,4.51,17.48,3.49,-0.84,4.56
2019-05-31,3.94,18.17,2.8,-0.84,3.87
2019-06-01,3.58,19.15,3.09,-0.96,4.53
2019-06-02,9.75,20.06,3.56,-0.96,7.68
2019-06-03,9.01,19.56,2.54,-0.96,7.2
2019-06-04,11.71,15.59,2.1,-0.96,10.89
2019-06-05,4.79,17.27,2.6,-0.96,5.25
2019-06-06,6.89,18.23,3.36,-0.96,6.03
2019-06-07,7.68,17.02,3.1,-0.96,7.53
2019-06-08,3.09,19.73,3.39,-0.96,4.47
2019-06-09,2.96,19.53,3.01,-0.96,5.18
2019-06-10,3.32,16.57,3.08,-0.96,4.36
2019-06-11,2.99,17.33,2.68,-0.96,4.22
2019-06-12,4.62,16.61,2.86,-0.96,5.46
2019-06-13,3.16,17.25,3.09,-0.96,4.39
2019-06-14,3.17,17.19,3.4,-0.96,4.24
2019-06-15,3.1,18.58,2.9,-0.96,4.3
2019-06-16,5.16,16.35,2.45,-0.96,5.61
2019-06-17,4.47,14.25,2.79,-0.96,4.8
2019-06-18,12.03,15.44,3.0,-0.96,10.08
2019-06-19,3.33,16.1,2.34,-0.96,4.5
2019-06-20,4.88,16.52,2.18,-0.96,6.05
2019-06-21,7.52,17.51,3.25,-0.96,7.66
2019-06-22,3.52,15.96,1.88,-0.96,4.64
2019-06-23,3.05,15.78,1.83,-0.96,5.86
2019-06-24,3.09,16.09,2.45,-0.96,4.07
2019-06-25,5.21,15.84,2.52,-0.96,5.32
2019-06-26,3.11,16.48,2.15,-0.96,4.76
2019-06-27,4.05,16.4,2.65,-0.96,5.09
2019-06-28,3.04,17.92,2.89,-0.96,4.16
2019-06-29,4.75,15.87,2.29,-0.96,5.73
2019-06-30,6.33,16.6,3.4,-0.96,6.09
2019-07-01,7.56,16.35,2.72,-0.92,8.0
2019-07-02,9.98,17.94,3.24,-0.92,8.39
2019-07-03,3.64,16.76,2.03,-0.92,4.59
2019-07-04,11.55,18.17,2.24,-0.92,9.56
2019-07-05,6.13,15.5,2.61,-0.92,6.83
2019-07-06,13.28,16.79,3.36,-0.92,11.09
2019-07-07,4.97,16.13,2.12,-0.92,6.43
2019-07-08,4.27,15.32,2.45,-0.92,5.35
2019-07-09,3.03,16.67,2.11,-0.92,5.62
2019-07-10,3.0,18.8,2.63,-0.92,5.77
2019-07-11,3.06,15.67,2.53,-0.92,4.79
2019-07-12,3.2,16.51,2.38,-0.92,5.73
2019-07-13,4.24,15.05,1.84,-0.92,6.01
2019-07-14,6.22,14.84,1.8,-0.92,7.91
2019-07-15,4.17,15.62,1.69,-0.92,5.85
2019-07-16,7.54,15.99,2.69,-0.92,7.45
2019-07-17,16.54,16.01,2.74,-0.92,13.47
2019-07-18,5.01,16.19,2.77,-0.92,6.05
2019-07-19,2.94,14.45,1.9,-0.92,5.42
2019-07-20,6.0,15.64,2.85,-0.92,7.4
2019-07-21,3.37,16.96,2.93,-0.92,5.49
2019-07-22,3.08,14.7,2.31,-0.92,4.99
2019-07-23,13.49,15.87,2.42,-0.92,11.48
2019-07-24,3.15,16.61,2.33,-0.92,5.64
2019-07-25,3.5,15.28,2.47,-0.92,5.71
2019-07-26,15.71,16.6,3.24,-0.92,13.01
2019-07-27,4.33,14.33,2.7,-0.92,6.23
2019-07-28,4.17,17.19,2.58,-0.92,5.53
2019-07-29,2.87,16.53,2.79,-0.92,4.67
2019-07-30,3.6,16.12,2.08,-0.92,5.8
2019-07-31,2.88,17.37,3.0,-0.92,5.18
2019-08-01,2.96,15.59,2.11,-1.23,5.39
2019-08-02,7.41,15.21,2.66,-1.23,7.34
2019-08-03,5.26,17.56,3.92,-1.23,5.86
2019-08-04,5.02,18.09,2.59,-1.23,5.59
2019-08-05,5.68,15.01,3.52,-1.23,5.6
2019-08-06,5.1,15.67,2.65,-1.23,6.23
2019-08-07,4.21,17.03,2.35,-1.23,6.37
2019-08-08,3.14,15.65,2.13,-1.23,5.08
2019-08-09,8.73,16.42,3.51,-1.23,9.1
2019-08-10,2.96,16.61,2.79,-1.23,4.65
2019-08-11,5.68,14.97,2.12,-1.23,6.64
2019-08-12,2.82,16.11,2.44,-1.23,4.19
2019-08-13,3.39,15.57,2.61,-1.23,4.74
2019-08-14,3.84,14.08,2.21,-1.23,4.67
2019-08-15,3.49,14.32,2.39,-1.23,4.17
2019-08-16,2.67,14.69,3.01,-1.23,3.56
2019-08-17,19.83,16.55,2.13,-1.23,15.55
2019-08-18,2.82,16.56,2.84,-1.23,4.38
2019-08-19,2.65,16.27,2.51,-1.23,4.39
2019-08-20,2.68,15.87,2.28,-1.23,4.84
2019-08-21,12.29,15.8,2.9,-1.23,9.83
2019-08-22,2.87,15.61,1.86,-1.23,5.1
2019-08-23,7.71,15.73,1.51,-1.23,8.66
2019-08-24,3.68,15.78,2.56,-1.23,5.84
2019-08-25,11.47,13.5,2.07,-1.23,10.8
2019-08-26,2.66,14.2,1.69,-1.23,5.13
2019-08-27,5.07,13.88,1.5,-1.23,6.38
2019-08-28,2.5,16.42,3.33,-1.23,4.38
2019-08-29,7.06,17.04,2.84,-1.23,8.25
2019-08-30,3.98,12.42,1.97,-1.23,5.89
2019-08-31,2.72,16.88,3.51,-1.23,4.34
2019-09-01,11.94,15.07,2.77,-1.39,10.95
2019-09-02,2.87,16.15,3.23,-1.39,4.74
2019-09-03,4.96,15.52,1.96,-1.39,6.53
2019-09-04,3.76,16.61,2.1,-1.39,5.44
2019-09-05,2.53,15.1,2.61,-1.39,4.31
2019-09-06,2.86,13.19,2.24,-1.39,5.26
2019-09-07,4.61,14.67,2.8,-1.39,4.68
2019-09-08,3.1,15.39,1.76,-1.39,5.21
2019-09-09,9.27,14.48,2.55,-1.39,8.51
2019-09-10,6.48,15.51,2.82,-1.39,6.0
2019-09-11,2.98,14.61,2.67,-1.39,4.23
2019-09-12,2.26,13.95,2.03,-1.39,4.35
2019-09-13,2.66,13.34,2.31,-1.39,4.49
2019-09-14,2.49,14.14,1.91,-1.39,4.75
2019-09-15,2.66,14.83,2.21,-1.39,4.72
2019-09-16,3.59,12.21,1.51,-1.39,4.31
2019-09-17,2.34,13.6,1.84,-1.39,4.31
2019-09-18,2.19,12.12,1.82,-1.39,4.32
2019-09-19,3.22,13.75,1.97,-1.39,4.62
2019-09-20,8.25,15.91,2.18,-1.39,7.99
2019-09-21,2.29,13.03,1.53,-1.39,3.16
2019-09-22,2.56,15.27,3.18,-1.39,3.2
2019-09-23,3.31,17.83,2.57,-1.39,4.99
2019-09-24,2.25,16.13,2.65,-1.39,3.39
2019-09-25,4.05,14.53,1.58,-1.39,6.12
2019-09-26,2.63,15.38,2.95,-1.39,2.97
2019-09-27,4.18,12.68,2.07,-1.39,5.64
2019-09-28,8.46,12.42,1.79,-1.39,7.49
2019-09-29,2.58,14.33,2.07,-1.39,4.38
2019-09-30,4.89,14.75,2.66,-1.39,5.08
2019-10-01,1.93,15.57,1.25,-1.3,3.8
2019-10-02,10.59,13.56,1.8,-1.3,9.47
2019-10-03,2.58,14.46,2.22,-1.3,3.7
2019-10-04,5.58,14.4,2.21,-1.3,6.32
2019-10-05,6.72,14.04,3.21,-1.3,6.25
2019-10-06,10.2,14.09,2.08,-1.3,9.19
2019-10-07,2.91,13.14,2.47,-1.3,3.06
2019-10-08,1.99,14.49,3.0,-1.3,3.37
2019-10-09,1.96,14.37,2.52,-1.3,4.19
2019-10-10,3.23,13.6,1.87,-1.3,4.86
2019-10-11,2.31,14.91,1.82,-1.3,4.33
2019-10-12,2.19,15.34,2.7,-1.3,3.48
2019-10-13,14.32,14.91,2.99,-1.3,12.07
2019-10-14,1.72,12.83,2.24,-1.3,3.7
2019-10-15,3.04,14.19,2.72,-1.3,3.83
2019-10-16,5.59,12.97,3.08,-1.3,6.08
2019-10-17,5.03,14.17,2.56,-1.3,5.95
2019-10-18,9.73,12.96,1.6,-1.3,9.21
2019-10-19,1.7,15.57,2.46,-1.3,3.34
2019-10-20,1.72,14.97,2.89,-1.3,3.44
2019-10-21,1.77,15.41,2.31,-1.3,4.11
2019-10-22,3.12,15.28,2.99,-1.3,4.21
2019-10-23,1.61,13.69,2.13,-1.3,2.47
2019-10-24,2.63,13.5,2.26,-1.3,3.43
2019-10-25,2.09,16.1,2.37,-1.3,2.95
2019-10-26,13.6,13.81,2.24,-1.3,10.44
2019-10-27,1.6,12.38,2.04,-1.3,2.29
2019-10-28,2.1,15.21,1.74,-1.3,4.62
2019-10-29,4.09,14.17,2.05,-1.3,4.37
2019-10-30,3.62,15.81,1.98,-1.3,4.12
2019-10-31,4.55,14.29,2.08,-1.3,4.11
2019-11-01,4.43,13.98,1.88,-0.92,5.4
2019-11-02,1.95,15.83,2.88,-0.92,3.08
2019-11-03,5.66,12.16,2.33,-0.92,5.34
2019-11-04,3.35,13.3,2.32,-0.92,3.99
2019-11-05,10.53,12.94,1.53,-0.92,9.11
2019-11-06,3.98,11.38,1.77,-0.92,4.67
2019-11-07,2.29,15.06,1.82,-0.92,2.84
2019-11-08,17.23,13.35,2.04,-0.92,12.35
2019-11-09,1.6,15.11,2.63,-0.92,2.88
2019-11-10,2.02,14.5,2.67,-0.92,3.81
2019-11-11,9.74,14.77,2.5,-0.92,8.89
2019-11-12,2.17,13.5,2.63,-0.92,4.59
2019-11-13,1.89,13.13,2.17,-0.92,2.9
2019-11-14,1.3,14.17,2.13,-0.92,3.58
2019-11-15,1.89,15.17,2.73,-0.92,3.02
2019-11-16,1.72,14.02,2.57,-0.92,4.64
2019-11-17,3.99,13.25,1.88,-0.92,5.4
2019-11-18,3.38,12.66,2.15,-0.92,5.09
2019-11-19,3.23,14.35,2.14,-0.92,4.52
2019-11-20,1.19,13.46,1.31,-0.92,3.26
2019-11-21,3.51,14.05,2.38,-0.92,3.89
2019-11-22,1.36,13.86,1.66,-0.92,2.66
2019-11-23,4.06,13.62,2.28,-0.92,3.96
2019-11-24,3.35,14.52,1.66,-0.92,4.42
2019-11-25,1.69,14.85,2.04,-0.92,3.73
2019-11-26,7.67,16.56,2.41,-0.92,6.31
2019-11-27,1.13,15.13,2.85,-0.92,2.23
2019-11-28,1.28,16.14,2.31,-0.92,1.82
2019-11-29,9.04,13.27,1.66,-0.92,7.63
2019-11-30,1.47,12.34,2.1,-0.92,3.47
2019-12-01,1.1,14.27,2.15,-0.63,3.16
2019-12-02,1.1,15.33,2.72,-0.63,3.09
2019-12-03,6.48,15.16,1.97,-0.63,5.79
2019-12-04,3.34,15.79,2.55,-0.63,3.69
2019-12-05,4.76,11.31,2.78,-0.63,5.04
2019-12-06,1.2,15.88,2.39,-0.63,1.87
2019-12-07,1.08,14.8,2.39,-0.63,2.1
2019-12-08,1.22,12.57,1.32,-0.63,3.42
2019-12-09,5.31,15.31,2.05,-0.63,4.18
2019-12-10,1.67,14.66,2.48,-0.63,2.47
2019-12-11,1.14,14.94,2.21,-0.63,2.49
2019-12-12,3.04,15.7,2.7,-0.63,3.12
2019-12-13,5.39,15.05,2.53,-0.63,5.09
2019-12-14,2.69,12.79,1.49,-0.63,4.04
2019-12-15,1.01,14.41,2.67,-0.63,2.34
2019-12-16,8.03,12.66,1.5,-0.63,7.06
2019-12-17,4.83,15.4,2.1,-0.63,3.99
2019-12-18,2.11,16.33,2.64,-0.63,2.64
2019-12-19,3.04,13.19,2.7,-0.63,4.4
2019-12-20,1.11,13.9,1.78,-0.63,3.27
2019-12-21,1.93,13.67,2.21,-0.63,1.94
2019-12-22,2.23,14.21,2.29,-0.63,2.67
2019-12-23,1.05,15.28,2.65,-0.63,2.06
2019-12-24,1.7,14.28,2.72,-0.63,2.32
2019-12-25,1.16,15.62,2.28,-0.63,2.49
2019-12-26,3.52,16.15,2.93,-0.63,3.92
2019-12-27,1.66,16.22,3.06,-0.63,1.87
2019-12-28,1.98,13.58,2.85,-0.63,2.6
2019-12-29,1.04,16.62,2.79,-0.63,1.98
2019-12-30,1.11,16.74,2.67,-0.63,1.58
2019-12-31,1.73,16.88,2.44,-0.63,0.98
2020-01-01,2.99,14.85,1.74,-0.47,3.23
2020-01-02,1.01,14.17,2.11,-0.47,1.81
2020-01-03,2.2,13.92,2.23,-0.47,2.27
2020-01-04,20.01,13.81,2.13,-0.47,11.96
2020-01-05,2.43,15.18,2.62,-0.47,3.69
2020-01-06,10.01,16.21,1.95,-0.47,7.35
2020-01-07,1.15,16.8,2.55,-0.47,1.69
2020-01-08,6.91,14.68,3.1,-0.47,4.64
2020-01-09,3.16,15.25,2.79,-0.47,3.64
2020-01-10,2.76,15.2,2.63,-0.47,3.45
2020-01-11,1.05,14.6,2.45,-0.47,1.98
2020-01-12,11.1,16.27,2.39,-0.47,8.12
2020-01-13,1.34,15.86,1.78,-0.47,3.0
2020-01-14,2.92,15.63,2.63,-0.47,3.32
2020-01-15,1.51,15.92,1.51,-0.47,2.37
2020-01-16,4.54,16.26,2.41,-0.47,4.64
2020-01-17,1.05,16.28,2.54,-0.47,2.67
2020-01-18,7.04,14.58,2.11,-0.47,5.93
2020-01-19,4.12,16.7,3.47,-0.47,3.26
2020-01-20,1.78,15.96,3.22,-0.47,1.72
2020-01-21,10.57,15.17,2.79,-0.47,7.58
2020-01-22,4.15,16.01,2.13,-0.47,4.71
2020-01-23,1.51,16.17,3.29,-0.47,2.98
2020-01-24,1.86,17.09,2.91,-0.47,2.89
2020-01-25,1.16,14.57,1.91,-0.47,2.18
2020-01-26,1.21,17.45,2.73,-0.47,1.8
2020-01-27,1.28,15.92,2.87,-0.47,2.1
2020-01-28,12.34,15.32,2.16,-0.47,8.58
2020-01-29,3.03,15.32,2.45,-0.47,3.96
2020-01-30,9.12,14.8,2.45,-0.47,6.68
2020-01-31,3.07,13.95,1.75,-0.47,3.6
2020-02-01,3.04,16.88,2.52,-0.45,4.56
2020-02-02,1.79,18.48,2.46,-0.45,3.56
2020-02-03,2.0,14.2,2.58,-0.45,2.35
2020-02-04,1.53,15.03,1.99,-0.45,3.36
2020-02-05,4.77,17.11,2.78,-0.45,3.64
2020-02-06,1.54,16.19,1.97,-0.45,2.38
2020-02-07,1.24,17.28,2.24,-0.45,2.11
2020-02-08,5.5,16.19,2.06,-0.45,4.67
2020-02-09,4.48,15.65,2.33,-0.45,4.43
2020-02-10,4.93,16.11,2.59,-0.45,4.39
2020-02-11,1.46,13.55,2.28,-0.45,2.76
2020-02-12,1.95,15.07,1.65,-0.45,2.64
2020-02-13,2.84,17.62,2.67,-0.45,3.2
2020-02-14,1.43,17.94,2.49,-0.45,2.26
2020-02-15,1.34,18.23,3.05,-0.45,1.34
2020-02-16,1.46,17.11,2.56,-0.45,2.3
2020-02-17,3.47,13.9,2.15,-0.45,3.32
2020-02-18,2.7,15.88,2.18,-0.45,2.47
2020-02-19,11.84,18.26,3.53,-0.45,7.51
2020-02-20,1.74,18.66,2.38,-0.45,2.28
2020-02-21,2.42,18.37,2.7,-0.45,2.6
2020-02-22,2.06,16.49,2.62,-0.45,3.37
2020-02-23,10.14,15.24,2.28,-0.45,8.26
2020-02-24,2.69,16.79,2.31,-0.45,1.77
2020-02-25,3.09,16.88,1.91,-0.45,3.69
2020-02-26,1.57,18.78,2.64,-0.45,2.82
2020-02-27,5.62,17.2,2.3,-0.45,4.6
2020-02-28,4.38,16.98,3.32,-0.45,4.24
2020-02-29,1.7,17.08,3.57,-0.45,3.04
2020-03-01,4.28,17.5,2.7,-0.47,3.14
2020-03-02,1.62,17.8,2.21,-0.47,2.51
2020-03-03,1.64,16.21,2.83,-0.47,3.18
2020-03-04,1.74,15.84,2.08,-0.47,1.78
2020-03-05,2.01,18.78,2.7,-0.47,2.27
2020-03-06,2.1,15.19,2.13,-0.47,2.27
2020-03-07,4.46,19.15,2.77,-0.47,4.17
2020-03-08,4.45,14.92,2.2,-0.47,4.44
2020-03-09,3.23,16.54,2.06,-0.47,3.3
2020-03-10,5.36,18.44,2.58,-0.47,4.32
2020-03-11,5.24,17.3,3.1,-0.47,3.29
2020-03-12,3.81,15.74,2.45,-0.47,4.28
2020-03-13,2.11,17.86,2.83,-0.47,2.3
2020-03-14,2.14,17.45,1.83,-0.47,2.66
2020-03-15,7.19,17.14,3.05,-0.47,5.76
2020-03-16,2.49,16.67,2.33,-0.47,2.98
2020-03-17,8.53,17.41,3.16,-0.47,6.61
2020-03-18,4.06,16.77,2.68,-0.47,4.12
2020-03-19,3.53,20.42,2.94,-0.47,3.55
2020-03-20,5.59,17.23,2.01,-0.47,5.06
2020-03-21,12.9,17.09,3.53,-0.47,8.23
2020-03-22,1.91,16.91,2.96,-0.47,2.79
2020-03-23,3.56,19.71,3.4,-0.47,4.15
2020-03-24,3.34,15.64,3.17,-0.47,3.07
2020-03-25,6.77,18.05,2.9,-0.47,5.2
2020-03-26,2.05,17.36,3.24,-0.47,2.37
2020-03-27,2.94,15.95,2.3,-0.47,3.58
2020-03-28,5.21,16.7,2.9,-0.47,5.32
2020-03-29,3.86,18.08,2.56,-0.47,4.25
2020-03-30,2.72,16.68,2.4,-0.47,2.26
2020-03-31,2.07,18.05,2.85,-0.47,3.13
2020-04-01,2.78,19.83,2.57,-0.83,3.05
2020-04-02,4.9,17.97,2.93,-0.83,4.68
2020-04-03,2.22,16.04,2.38,-0.83,2.9
2020-04-04,4.73,16.78,1.82,-0.83,4.2
2020-04-05,2.17,17.47,2.54,-0.83,2.85
2020-04-06,3.89,17.41,2.57,-0.83,3.65
2020-04-07,4.33,18.02,3.14,-0.83,4.12
2020-04-08,4.77,18.23,2.95,-0.83,3.87
2020-04-09,3.72,19.94,3.67,-0.83,2.91
2020-04-10,4.32,17.88,2.99,-0.83,4.39
2020-04-11,2.26,16.51,2.35,-0.83,3.52
2020-04-12,7.59,19.29,2.97,-0.83,6.29
2020-04-13,4.03,19.43,2.87,-0.83,3.64
2020-04-14,3.22,18.2,3.03,-0.83,3.05
2020-04-15,2.93,17.64,2.77,-0.83,2.95
2020-04-16,2.33,18.69,2.65,-0.83,3.37
2020-04-17,2.76,17.69,2.76,-0.83,2.68
2020-04-18,2.94,15.49,2.61,-0.83,3.66
2020-04-19,2.63,18.64,2.49,-0.83,3.35
2020-04-20,4.2,19.04,3.08,-0.83,4.39
2020-04-21,13.16,19.7,2.42,-0.83,10.02
2020-04-22,2.49,17.1,3.11,-0.83,3.34
2020-04-23,2.62,18.26,3.05,-0.83,2.37
2020-04-24,3.43,18.29,3.49,-0.83,3.71
2020-04-25,3.2,18.09,2.37,-0.83,3.64
2020-04-26,2.8,18.13,3.27,-0.83,2.85
2020-04-27,4.4,18.04,3.18,-0.83,4.67
2020-04-28,4.7,18.25,2.76,-0.83,4.24
2020-04-29,8.82,18.89,2.78,-0.83,6.61
2020-04-30,3.04,19.46,2.59,-0.83,4.12
2020-05-01,2.63,17.09,2.13,-1.04,3.24
2020-05-02,5.83,17.79,2.47,-1.04,5.03
2020-05-03,2.67,17.49,2.22,-1.04,2.9
2020-05-04,5.87,17.32,3.34,-1.04,4.68
2020-05-05,5.96,16.05,1.91,-1.04,5.29
2020-05-06,2.64,18.02,2.86,-1.04,3.64
2020-05-07,3.67,18.56,3.06,-1.04,3.36
2020-05-08,2.66,17.8,2.91,-1.04,2.32
2020-05-09,6.21,17.97,2.97,-1.04,5.57
2020-05-10,2.78,18.47,3.25,-1.04,2.92
2020-05-11,3.01,19.66,2.87,-1.04,3.43
2020-05-12,2.89,17.46,2.75,-1.04,4.0
2020-05-13,2.79,16.55,2.46,-1.04,3.38
2020-05-14,2.74,17.84,3.3,-1.04,3.77
2020-05-15,6.18,20.2,3.97,-1.04,4.89
2020-05-16,2.76,16.53,2.1,-1.04,3.92
2020-05-17,2.93,18.7,2.09,-1.04,3.21
2020-05-18,6.51,19.3,3.22,-1.04,5.43
2020-05-19,5.38,15.06,2.79,-1.04,4.42
2020-05-20,2.87,18.38,3.64,-1.04,2.67
2020-05-21,3.02,18.6,3.18,-1.04,3.14
2020-05-22,3.4,17.54,3.29,-1.04,2.75
2020-05-23,5.89,17.07,3.32,-1.04,5.03
2020-05-24,4.01,17.13,3.25,-1.04,3.7
2020-05-25,6.25,17.43,3.07,-1.04,5.44
2020-05-26,2.86,17.44,2.2,-1.04,2.87
2020-05-27,2.99,17.2,2.68,-1.04,3.77
2020-05-28,5.11,17.36,2.82,-1.04,5.53
2020-05-29,6.19,19.19,2.94,-1.04,6.11
2020-05-30,5.42,16.29,2.53,-1.04,6.04
2020-05-31,6.38,15.63,3.07,-1.04,5.59
2020-06-01,2.99,19.16,2.67,-1.24,3.48
2020-06-02,4.39,17.46,3.04,-1.24,4.65
2020-06-03,3.22,17.21,2.81,-1.24,3.6
2020-06-04,3.57,17.52,2.38,-1.24,3.18
2020-06-05,6.57,17.88,2.35,-1.24,6.41
2020-06-06,2.99,16.98,1.97,-1.24,3.77
2020-06-07,5.04,18.2,3.02,-1.24,4.11
2020-06-08,5.01,16.42,2.54,-1.24,4.76
2020-06-09,3.77,17.19,2.35,-1.24,4.19
2020-06-10,8.35,14.87,1.58,-1.24,7.53
2020-06-11,5.55,18.91,3.11,-1.24,5.38
2020-06-12,4.58,17.27,2.62,-1.24,5.61
2020-06-13,3.41,18.26,2.55,-1.24,3.55
2020-06-14,9.1,18.01,2.42,-1.24,7.83
2020-06-15,3.43,18.07,2.72,-1.24,3.85
2020-06-16,4.26,17.38,2.89,-1.24,5.36
2020-06-17,3.91,17.83,2.64,-1.24,4.29
2020-06-18,3.07,16.18,2.05,-1.24,4.02
2020-06-19,3.13,15.9,2.46,-1.24,4.58
2020-06-20,3.07,17.16,3.09,-1.24,4.43
2020-06-21,6.35,16.44,2.58,-1.24,6.75
2020-06-22,3.01,18.94,2.97,-1.24,2.96
2020-06-23,10.35,17.65,2.62,-1.24,8.86
2020-06-24,7.17,16.32,2.19,-1.24,7.04
2020-06-25,3.4,16.82,2.25,-1.24,4.51
2020-06-26,6.54,17.28,2.03,-1.24,6.65
2020-06-27,9.63,17.01,3.12,-1.24,8.99
2020-06-28,3.65,17.39,2.89,-1.24,5.21
2020-06-29,5.72,17.11,2.7,-1.24,6.5
2020-06-30,8.74,15.33,2.52,-1.24,8.21
2020-07-01,4.26,14.39,2.39,-1.09,6.46
2020-07-02,4.32,16.49,2.28,-1.09,5.18
2020-07-03,3.03,17.58,2.61,-1.09,3.62
2020-07-04,5.63,16.45,2.38,-1.09,5.96
2020-07-05,5.23,18.33,3.85,-1.09,5.42
2020-07-06,3.07,16.76,3.02,-1.09,4.92
2020-07-07,4.49,18.42,2.93,-1.09,4.87
2020-07-08,4.47,18.14,3.37,-1.09,5.2
2020-07-09,4.43,17.98,3.29,-1.09,4.19
2020-07-10,3.07,15.25,1.83,-1.09,5.05
2020-07-11,4.46,16.68,2.51,-1.09,5.16
2020-07-12,3.11,18.09,2.81,-1.09,4.02
2020-07-13,3.14,16.92,2.88,-1.09,5.16
2020-07-14,3.57,17.23,2.59,-1.09,4.94
2020-07-15,3.86,14.86,2.29,-1.09,4.13
2020-07-16,4.78,18.8,2.73,-1.09,5.02
2020-07-17,8.63,15.51,2.85,-1.09,8.88
2020-07-18,6.16,14.03,1.63,-1.09,7.45
2020-07-19,3.31,15.97,2.32,-1.09,4.95
2020-07-20,5.12,13.42,1.38,-1.09,4.98
2020-07-21,3.89,15.02,1.94,-1.09,5.64
2020-07-22,12.38,19.36,3.13,-1.09,9.68
2020-07-23,2.91,15.8,2.6,-1.09,5.04
2020-07-24,2.99,14.51,2.15,-1.09,4.14
2020-07-25,4.38,16.22,2.98,-1.09,5.3
2020-07-26,2.89,15.08,2.9,-1.09,3.79
2020-07-27,5.22,17.16,2.65,-1.09,5.42
2020-07-28,3.11,15.02,2.45,-1.09,4.64
2020-07-29,2.92,16.38,2.38,-1.09,3.52
2020-07-30,2.97,14.64,2.55,-1.09,5.28
2020-07-31,9.73,19.1,2.49,-1.09,7.86
2020-08-01,3.3,16.55,3.3,-0.86,3.62
2020-08-02,3.05,15.74,2.92,-0.86,4.37
2020-08-03,6.75,15.53,1.95,-0.86,7.22
2020-08-04,3.02,15.18,2.06,-0.86,4.16
2020-08-05,3.79,14.9,2.5,-0.86,4.08
2020-08-06,3.44,14.83,2.19,-0.86,4.0
2020-08-07,3.04,17.76,2.98,-0.86,3.42
2020-08-08,2.95,15.05,2.21,-0.86,4.21
2020-08-09,5.57,13.12,2.68,-0.86,5.44
2020-08-10,3.21,14.24,2.24,-0.86,4.4
2020-08-11,3.6,16.72,3.58,-0.86,4.16
2020-08-12,15.66,15.27,2.63,-0.86,12.08
2020-08-13,3.19,15.38,1.87,-0.86,4.4
2020-08-14,3.0,16.91,3.47,-0.86,3.58
2020-08-15,2.67,14.54,2.72,-0.86,3.98
2020-08-16,11.77,16.2,2.68,-0.86,9.42
2020-08-17,2.7,14.61,2.55,-0.86,4.27
2020-08-18,5.71,16.06,2.03,-0.86,5.73
2020-08-19,5.15,14.87,1.61,-0.86,6.23
2020-08-20,2.7,15.02,2.34,-0.86,3.62
2020-08-21,3.59,16.26,3.09,-0.86,4.23
2020-08-22,17.05,16.14,2.68,-0.86,13.39
2020-08-23,3.11,15.01,3.04,-0.86,3.99
2020-08-24,4.16,14.62,2.82,-0.86,5.71
2020-08-25,3.09,17.07,2.67,-0.86,3.83
2020-08-26,3.77,15.83,2.95,-0.86,4.0
2020-08-27,2.61,14.62,2.9,-0.86,3.29
2020-08-28,2.89,14.27,2.21,-0.86,4.39
2020-08-29,3.62,16.26,2.45,-0.86,5.0
2020-08-30,3.06,15.14,2.43,-0.86,4.91
2020-08-31,2.45,14.77,1.35,-0.86,4.77
2020-09-01,2.45,15.08,2.47,-0.67,4.16
2020-09-02,10.35,15.31,2.69,-0.67,7.92
2020-09-03,4.05,14.81,2.38,-0.67,4.44
2020-09-04,3.69,16.3,2.68,-0.67,4.92
2020-09-05,6.6,16.34,2.53,-0.67,6.99
2020-09-06,5.19,15.44,1.62,-0.67,5.26
2020-09-07,2.92,16.42,3.23,-0.67,4.61
2020-09-08,2.44,14.75,2.17,-0.67,2.95
2020-09-09,2.82,15.54,2.18,-0.67,4.26
2020-09-10,11.37,15.9,3.03,-0.67,8.83
2020-09-11,3.12,15.89,2.87,-0.67,4.11
2020-09-12,4.02,15.74,2.57,-0.67,4.8
2020-09-13,2.47,15.37,2.71,-0.67,3.35
2020-09-14,2.21,16.94,2.18,-0.67,3.92
2020-09-15,3.4,13.92,2.16,-0.67,4.37
2020-09-16,2.18,14.35,2.77,-0.67,3.85
2020-09-17,4.28,14.26,1.97,-0.67,5.6
2020-09-18,2.5,14.05,1.81,-0.67,3.85
2020-09-19,6.82,12.09,1.94,-0.67,5.88
2020-09-20,2.72,16.1,2.56,-0.67,3.17
2020-09-21,6.09,13.2,2.34,-0.67,6.62
2020-09-22,3.01,14.61,1.74,-0.67,4.95
2020-09-23,3.15,12.68,0.98,-0.67,4.88
2020-09-24,6.28,15.11,2.74,-0.67,5.8
2020-09-25,2.04,13.4,1.68,-0.67,4.02
2020-09-26,9.86,12.96,1.8,-0.67,8.85
2020-09-27,8.19,14.54,1.41,-0.67,7.21
2020-09-28,2.3,13.45,2.53,-0.67,3.81
2020-09-29,3.22,13.58,2.28,-0.67,3.78
2020-09-30,1.94,14.46,2.39,-0.67,3.42
2020-10-01,1.99,15.2,2.5,-0.38,4.14
2020-10-02,3.44,13.24,1.26,-0.38,5.0
2020-10-03,1.89,13.02,1.66,-0.38,3.52
2020-10-04,2.53,14.22,2.05,-0.38,2.28
2020-10-05,1.87,14.83,2.02,-0.38,2.88
2020-10-06,9.82,15.92,2.38,-0.38,7.64
2020-10-07,6.29,12.87,2.13,-0.38,5.73
2020-10-08,3.53,13.76,2.57,-0.38,4.22
2020-10-09,6.22,15.54,1.84,-0.38,6.04
2020-10-10,9.55,16.48,2.57,-0.38,7.44
2020-10-11,5.19,12.91,2.32,-0.38,5.45
2020-10-12,3.24,13.21,1.71,-0.38,4.45
2020-10-13,3.18,14.54,2.2,-0.38,3.96
2020-10-14,2.17,13.38,2.29,-0.38,4.58
2020-10-15,2.09,13.15,2.08,-0.38,3.35
2020-10-16,3.72,14.35,2.52,-0.38,3.19
2020-10-17,1.71,15.91,2.52,-0.38,4.02
2020-10-18,3.79,12.47,1.85,-0.38,4.0
2020-10-19,2.06,15.83,2.01,-0.38,3.83
2020-10-20,1.63,13.34,2.2,-0.38,2.66
2020-10-21,5.66,14.44,2.31,-0.38,5.48
2020-10-22,2.28,15.93,2.09,-0.38,3.35
2020-10-23,1.74,14.4,2.49,-0.38,3.39
2020-10-24,3.03,13.65,2.66,-0.38,3.39
2020-10-25,2.12,14.87,2.07,-0.38,2.77
2020-10-26,2.58,13.8,1.88,-0.38,3.49
2020-10-27,3.94,14.63,1.99,-0.38,3.88
2020-10-28,4.07,13.76,1.49,-0.38,3.34
2020-10-29,2.26,15.03,3.16,-0.38,2.51
2020-10-30,2.02,12.33,1.77,-0.38,4.44
2020-10-31,1.96,12.78,1.67,-0.38,2.03
2020-11-01,2.31,12.31,1.5,-0.36,3.26
2020-11-02,6.13,13.94,2.04,-0.36,5.02
2020-11-03,2.7,12.17,1.65,-0.36,4.3
2020-11-04,6.26,13.18,2.65,-0.36,4.55
2020-11-05,13.79,12.68,1.5,-0.36,9.88
2020-11-06,1.83,15.79,1.85,-0.36,3.61
2020-11-07,2.89,12.83,2.25,-0.36,3.59
2020-11-08,3.15,12.48,1.93,-0.36,3.5
2020-11-09,3.97,14.33,2.16,-0.36,4.25
2020-11-10,2.95,16.06,2.73,-0.36,3.36
2020-11-11,1.36,13.91,2.24,-0.36,2.54
2020-11-12,3.74,14.01,2.18,-0.36,4.45
2020-11-13,2.07,15.61,1.88,-0.36,3.31
2020-11-14,1.29,15.12,1.7,-0.36,2.93
2020-11-15,1.72,14.59,2.01,-0.36,2.9
2020-11-16,16.39,13.39,1.67,-0.36,11.64
2020-11-17,8.86,14.65,2.4,-0.36,7.76
2020-11-18,1.25,12.48,1.25,-0.36,3.11
2020-11-19,1.85,13.37,1.93,-0.36,3.73
2020-11-20,6.54,15.85,2.41,-0.36,5.13
2020-11-21,1.8,15.71,2.44,-0.36,2.02
2020-11-22,1.22,14.68,2.46,-0.36,3.63
2020-11-23,1.52,11.86,1.75,-0.36,2.81
2020-11-24,1.24,12.74,1.74,-0.36,2.87
2020-11-25,2.11,13.39,2.61,-0.36,2.29
2020-11-26,1.13,14.01,2.07,-0.36,1.79
2020-11-27,1.15,12.73,2.58,-0.36,1.93
2020-11-28,20.74,13.95,2.06,-0.36,13.79
2020-11-29,21.43,16.39,2.55,-0.36,14.1
2020-11-30,2.64,14.76,2.26,-0.36,4.13
2020-12-01,3.0,14.56,2.38,-0.6,4.06
2020-12-02,1.42,13.1,1.9,-0.6,4.15
2020-12-03,1.34,12.37,1.99,-0.6,3.81
2020-12-04,1.15,12.88,2.64,-0.6,2.81
2020-12-05,1.3,12.36,2.37,-0.6,3.34
2020-12-06,2.05,14.49,2.7,-0.6,3.11
2020-12-07,13.91,14.88,1.8,-0.6,10.3
2020-12-08,5.7,13.28,1.62,-0.6,5.98
2020-12-09,1.73,14.64,2.38,-0.6,3.79
2020-12-10,3.83,16.25,2.85,-0.6,4.03
2020-12-11,1.6,16.86,2.42,-0.6,3.49
2020-12-12,3.81,15.45,2.14,-0.6,5.78
2020-12-13,1.12,14.34,2.81,-0.6,2.97
2020-12-14,1.44,15.46,2.69,-0.6,2.84
2020-12-15,3.17,16.22,2.96,-0.6,3.62
2020-12-16,5.22,12.22,1.76,-0.6,5.44
2020-12-17,4.54,16.43,2.36,-0.6,3.86
2020-12-18,8.33,14.02,2.58,-0.6,7.72
2020-12-19,1.37,14.06,2.1,-0.6,3.51
2020-12-20,3.12,14.3,2.0,-0.6,3.66
2020-12-21,13.61,15.14,2.01,-0.6,10.2
2020-12-22,1.25,13.45,1.91,-0.6,2.94
2020-12-23,2.45,14.47,2.62,-0.6,3.76
2020-12-24,1.52,15.47,1.82,-0.6,3.25
2020-12-25,5.28,15.13,2.62,-0.6,5.24
2020-12-26,1.46,15.35,2.12,-0.6,2.52
2020-12-27,4.27,14.54,2.2,-0.6,4.35
2020-12-28,1.16,15.79,2.41,-0.6,3.28
2020-12-29,7.8,16.25,2.45,-0.6,6.24
2020-12-30,1.73,16.21,2.42,-0.6,1.72
2020-12-31,1.04,15.56,2.26,-0.6,2.57
2021-01-01,5.86,16.17,2.3,-0.62,6.55
2021-01-02,3.43,16.12,3.05,-0.62,4.16
2021-01-03,5.94,18.32,2.86,-0.62,4.96
2021-01-04,6.6,16.6,2.54,-0.62,5.78
2021-01-05,3.96,15.06,2.1,-0.62,4.79
2021-01-06,2.64,14.1,2.05,-0.62,2.8
2021-01-07,1.01,14.92,2.08,-0.62,2.24
2021-01-08,1.02,14.86,2.64,-0.62,2.76
2021-01-09,9.47,15.91,2.18,-0.62,8.24
2021-01-10,1.14,14.48,1.37,-0.62,2.71
2021-01-11,1.06,16.79,2.64,-0.62,3.35
2021-01-12,2.3,13.72,2.05,-0.62,2.85
2021-01-13,1.06,13.46,1.89,-0.62,0.79
2021-01-14,6.41,15.29,2.76,-0.62,5.69
2021-01-15,1.07,14.48,1.18,-0.62,2.97
2021-01-16,10.2,14.01,2.83,-0.62,7.93
2021-01-17,1.09,14.79,2.74,-0.62,2.91
2021-01-18,1.6,14.68,2.05,-0.62,2.89
2021-01-19,1.93,15.64,2.27,-0.62,2.72
2021-01-20,9.71,14.91,2.54,-0.62,7.23
2021-01-21,2.86,15.04,2.57,-0.62,3.23
2021-01-22,2.36,15.72,2.2,-0.62,3.03
2021-01-23,10.96,16.98,2.0,-0.62,7.45
2021-01-24,1.56,17.56,3.58,-0.62,2.08
2021-01-25,1.15,16.01,2.88,-0.62,2.5
2021-01-26,1.44,16.13,2.58,-0.62,1.45
2021-01-27,3.2,15.68,2.52,-0.62,2.54
2021-01-28,2.27,16.51,2.82,-0.62,2.7
2021-01-29,1.16,16.43,2.86,-0.62,2.23
2021-01-30,2.66,17.59,1.9,-0.62,3.06
2021-01-31,1.17,13.77,2.02,-0.62,1.08
2021-02-01,2.75,15.79,2.29,-0.8,3.86
2021-02-02,5.46,16.51,2.51,-0.8,3.93
2021-02-03,2.41,16.11,2.82,-0.8,2.34
2021-02-04,1.6,15.04,1.64,-0.8,1.93
2021-02-05,1.22,14.65,1.76,-0.8,2.89
2021-02-06,1.39,17.21,2.41,-0.8,2.29
2021-02-07,2.6,15.37,2.47,-0.8,2.5
2021-02-08,5.66,14.2,2.56,-0.8,4.27
2021-02-09,1.27,17.37,3.36,-0.8,2.04
2021-02-10,2.3,16.93,2.52,-0.8,1.89
2021-02-11,3.86,16.27,2.87,-0.8,3.51
2021-02-12,1.69,15.35,2.69,-0.8,1.79
2021-02-13,3.14,16.34,2.77,-0.8,3.12
2021-02-14,1.34,17.97,2.79,-0.8,2.02
2021-02-15,2.14,14.61,2.13,-0.8,2.07
2021-02-16,1.63,14.7,1.88,-0.8,1.07
2021-02-17,5.38,15.86,2.03,-0.8,4.18
2021-02-18,4.55,16.61,2.73,-0.8,2.95
2021-02-19,1.42,16.08,2.49,-0.8,1.92
2021-02-20,1.6,17.48,2.56,-0.8,1.78
2021-02-21,1.54,18.05,3.07,-0.8,1.36
2021-02-22,2.14,17.11,2.59,-0.8,1.46
2021-02-23,10.08,17.48,2.36,-0.8,7.59
2021-02-24,2.52,17.16,2.57,-0.8,2.35
2021-02-25,5.52,16.88,2.96,-0.8,5.43
2021-02-26,1.49,15.34,1.99,-0.8,2.18
2021-02-27,6.22,15.69,2.54,-0.8,5.01
2021-02-28,1.7,15.34,2.38,-0.8,2.24
2021-03-01,3.54,16.81,2.32,-0.63,3.45
2021-03-02,6.83,17.3,2.58,-0.63,5.72
2021-03-03,3.56,15.31,1.77,-0.63,4.14
2021-03-04,3.53,17.16,2.72,-0.63,2.42
2021-03-05,2.46,16.05,1.96,-0.63,3.32
2021-03-06,3.18,15.85,2.91,-0.63,3.26
2021-03-07,1.7,16.41,2.52,-0.63,2.24
2021-03-08,3.46,15.84,2.25,-0.63,4.15
2021-03-09,2.18,17.94,3.26,-0.63,3.11
2021-03-10,2.96,17.04,2.24,-0.63,3.4
2021-03-11,4.4,18.25,2.54,-0.63,3.44
2021-03-12,1.72,16.77,1.88,-0.63,1.75
2021-03-13,1.9,16.84,3.15,-0.63,2.41
2021-03-14,5.09,19.6,3.79,-0.63,4.36
2021-03-15,2.54,15.43,1.74,-0.63,1.8
2021-03-16,6.2,18.94,2.61,-0.63,5.27
2021-03-17,1.97,19.41,3.04,-0.63,2.05
2021-03-18,2.65,18.37,2.65,-0.63,1.74
2021-03-19,3.09,17.07,2.65,-0.63,3.11
2021-03-20,4.78,19.21,2.93,-0.63,4.25
2021-03-21,2.0,17.13,2.83,-0.63,2.03
2021-03-22,12.58,16.69,2.22,-0.63,8.13
2021-03-23,2.26,17.09,2.74,-0.63,3.54
2021-03-24,2.24,16.9,2.19,-0.63,2.45
2021-03-25,3.05,16.47,2.41,-0.63,3.74
2021-03-26,2.44,18.96,2.25,-0.63,2.07
2021-03-27,2.23,16.71,2.45,-0.63,2.81
2021-03-28,3.97,17.63,2.51,-0.63,3.78
2021-03-29,2.09,15.95,2.87,-0.63,2.81
2021-03-30,2.16,17.74,2.74,-0.63,3.14
2021-03-31,17.51,16.33,2.6,-0.63,11.15
2021-04-01,2.06,16.32,2.54,-0.72,3.13
2021-04-02,2.18,17.62,1.89,-0.72,2.39
2021-04-03,2.32,19.04,2.16,-0.72,2.34
2021-04-04,3.74,18.31,2.72,-0.72,3.38
2021-04-05,2.34,18.41,2.97,-0.72,2.94
2021-04-06,2.19,17.66,2.65,-0.72,3.53
2021-04-07,2.19,17.43,2.37,-0.72,3.65
2021-04-08,5.11,18.79,2.82,-0.72,4.13
2021-04-09,4.69,17.18,2.55,-0.72,4.33
2021-04-10,2.73,18.87,3.24,-0.72,3.3
2021-04-11,2.49,19.36,3.29,-0.72,3.0
2021-04-12,3.3,16.88,2.41,-0.72,3.23
2021-04-13,9.33,17.07,2.64,-0.72,6.93
2021-04-14,12.79,17.26,2.8,-0.72,9.09
2021-04-15,3.74,16.16,2.69,-0.72,3.92
2021-04-16,2.42,17.37,3.37,-0.72,2.84
2021-04-17,2.38,19.5,3.01,-0.72,2.95
2021-04-18,4.09,16.69,3.07,-0.72,3.76
2021-04-19,2.54,19.55,2.57,-0.72,2.6
2021-04-20,4.04,17.44,2.46,-0.72,4.49
2021-04-21,2.54,20.51,2.32,-0.72,3.46
2021-04-22,2.44,17.16,2.73,-0.72,3.91
2021-04-23,6.25,17.81,3.03,-0.72,5.32
2021-04-24,11.5,16.89,1.61,-0.72,8.61
2021-04-25,2.98,17.16,2.75,-0.72,3.3
2021-04-26,2.55,19.6,3.28,-0.72,3.17
2021-04-27,2.52,18.56,3.1,-0.72,3.39
2021-04-28,2.78,19.23,2.51,-0.72,3.26
2021-04-29,4.28,16.42,2.87,-0.72,3.4
2021-04-30,3.51,18.79,2.92,-0.72,3.29
2021-05-01,3.06,16.83,2.86,-0.75,3.39
2021-05-02,2.79,16.4,2.51,-0.75,3.66
2021-05-03,2.61,18.29,3.0,-0.75,2.26
2021-05-04,14.05,18.27,3.28,-0.75,9.94
2021-05-05,3.71,18.06,2.73,-0.75,4.16
2021-05-06,2.93,18.85,3.04,-0.75,3.23
2021-05-07,4.9,19.04,3.46,-0.75,4.19
2021-05-08,2.74,19.75,3.01,-0.75,2.95
2021-05-09,2.72,16.55,2.13,-0.75,3.58
2021-05-10,2.72,19.78,3.34,-0.75,3.67
2021-05-11,2.69,20.23,3.71,-0.75,3.51
2021-05-12,4.46,17.53,3.24,-0.75,3.5
2021-05-13,4.76,15.96,2.78,-0.75,4.3
2021-05-14,2.8,16.29,1.61,-0.75,2.5
2021-05-15,4.4,17.39,2.45,-0.75,4.34
2021-05-16,6.64,20.35,2.92,-0.75,5.82
2021-05-17,4.47,17.95,2.81,-0.75,5.11
2021-05-18,4.65,17.18,3.35,-0.75,3.39
2021-05-19,4.9,17.08,2.23,-0.75,4.24
2021-05-20,2.82,16.31,3.44,-0.75,3.26
2021-05-21,2.82,18.94,2.79,-0.75,2.52
2021-05-22,7.01,17.76,2.46,-0.75,6.01
2021-05-23,7.81,20.38,3.5,-0.75,6.52
2021-05-24,3.95,18.6,3.26,-0.75,3.42
2021-05-25,2.92,18.83,3.18,-0.75,3.5
2021-05-26,2.89,17.53,2.42,-0.75,2.98
2021-05-27,4.61,16.5,2.78,-0.75,5.17
2021-05-28,3.81,16.74,2.2,-0.75,4.29
2021-05-29,3.36,16.13,2.2,-0.75,3.59
2021-05-30,4.07,18.85,2.89,-0.75,3.49
2021-05-31,3.05,17.28,2.36,-0.75,3.84
2021-06-01,3.52,18.87,3.35,-0.57,4.25
2021-06-02,13.06,17.87,2.55,-0.57,9.03
2021-06-03,4.04,17.34,2.61,-0.57,4.17
2021-06-04,12.99,16.27,2.19,-0.57,9.43
2021-06-05,4.65,18.01,3.22,-0.57,5.66
2021-06-06,2.95,17.37,2.44,-0.57,3.14
2021-06-07,2.95,18.7,3.36,-0.57,4.4
2021-06-08,4.42,16.73,3.04,-0.57,4.46
2021-06-09,3.07,18.31,2.67,-0.57,3.92
2021-06-10,13.84,19.52,3.04,-0.57,9.99
2021-06-11,6.36,17.85,2.59,-0.57,6.32
2021-06-12,3.18,18.45,3.09,-0.57,3.86
2021-06-13,6.45,18.17,2.75,-0.57,6.72
2021-06-14,3.2,19.74,2.89,-0.57,4.83
2021-06-15,4.32,17.88,2.8,-0.57,4.41
2021-06-16,5.53,18.25,2.2,-0.57,6.11
2021-06-17,9.54,17.34,2.67,-0.57,7.86
2021-06-18,8.28,16.43,2.82,-0.57,7.45
2021-06-19,3.73,15.89,2.54,-0.57,5.69
2021-06-20,3.16,18.83,3.31,-0.57,3.98
2021-06-21,7.85,16.07,2.36,-0.57,7.75
2021-06-22,3.11,18.15,2.64,-0.57,4.74
2021-06-23,8.07,17.73,2.31,-0.57,7.37
2021-06-24,11.91,18.3,2.68,-0.57,9.92
2021-06-25,3.53,16.56,3.37,-0.57,4.95
2021-06-26,3.29,16.2,2.64,-0.57,4.24
2021-06-27,3.03,17.57,2.5,-0.57,4.33
2021-06-28,16.57,16.74,2.21,-0.57,12.12
2021-06-29,3.32,15.58,1.8,-0.57,5.21
2021-06-30,11.63,19.36,2.67,-0.57,10.61
2021-07-01,3.66,16.05,2.81,-0.76,5.73
2021-07-02,4.45,15.78,2.3,-0.76,5.28
2021-07-03,3.66,16.65,2.21,-0.76,5.36
2021-07-04,8.07,18.42,2.52,-0.76,8.14
2021-07-05,3.04,14.28,2.5,-0.76,5.43
2021-07-06,3.8,18.25,2.81,-0.76,5.01
2021-07-07,5.68,15.72,2.21,-0.76,5.97
2021-07-08,4.22,17.1,2.54,-0.76,5.58
2021-07-09,3.86,15.94,3.37,-0.76,5.38
2021-07-10,3.08,19.11,3.45,-0.76,4.64
2021-07-11,3.0,16.84,3.21,-0.76,4.01
2021-07-12,3.36,15.81,1.77,-0.76,5.89
2021-07-13,5.91,16.26,2.48,-0.76,6.25
2021-07-14,6.45,16.7,2.35,-0.76,6.8
2021-07-15,6.91,16.77,2.83,-0.76,6.55
2021-07-16,8.11,17.05,3.08,-0.76,8.15
2021-07-17,2.96,16.49,2.7,-0.76,4.95
2021-07-18,3.23,14.81,1.97,-0.76,5.12
2021-07-19,7.69,16.02,2.24,-0.76,6.96
2021-07-20,5.55,17.12,2.92,-0.76,6.67
2021-07-21,4.46,15.56,2.72,-0.76,5.9
2021-07-22,3.15,17.13,2.73,-0.76,5.2
2021-07-23,4.46,16.33,2.6,-0.76,5.46
2021-07-24,3.27,16.0,2.52,-0.76,4.68
2021-07-25,2.93,17.66,2.86,-0.76,4.25
2021-07-26,2.9,14.1,2.5,-0.76,5.49
2021-07-27,4.52,15.34,2.65,-0.76,4.95
2021-07-28,3.92,17.6,2.75,-0.76,4.21
2021-07-29,4.23,18.28,2.82,-0.76,4.74
2021-07-30,6.6,18.79,2.88,-0.76,6.06
2021-07-31,4.81,16.08,2.2,-0.76,6.14
2021-08-01,7.36,16.53,2.26,-0.52,6.23
2021-08-02,14.7,16.93,2.86,-0.52,10.86
2021-08-03,4.34,17.44,2.43,-0.52,5.62
2021-08-04,5.67,16.26,2.86,-0.52,6.78
2021-08-05,2.82,16.96,2.62,-0.52,4.91
2021-08-06,5.48,16.36,2.88,-0.52,6.76
2021-08-07,3.6,16.4,2.82,-0.52,5.04
2021-08-08,3.02,14.64,2.63,-0.52,4.41
2021-08-09,4.97,15.31,2.21,-0.52,6.13
2021-08-10,3.3,15.05,2.52,-0.52,3.95
2021-08-11,5.25,14.21,2.53,-0.52,4.86
2021-08-12,6.0,13.62,1.52,-0.52,6.94
2021-08-13,2.76,15.06,3.04,-0.52,4.27
2021-08-14,4.91,15.22,3.29,-0.52,5.74
2021-08-15,2.81,15.63,2.82,-0.52,3.73
2021-08-16,4.59,16.14,2.84,-0.52,5.75
2021-08-17,3.73,15.67,2.69,-0.52,4.97
2021-08-18,2.83,15.1,2.24,-0.52,4.18
2021-08-19,2.82,14.28,2.2,-0.52,4.24
2021-08-20,2.84,16.39,2.94,-0.52,4.04
2021-08-21,2.61,15.19,1.99,-0.52,3.51
2021-08-22,2.73,14.76,1.89,-0.52,3.78
2021-08-23,2.57,15.02,2.19,-0.52,3.91
2021-08-24,2.57,14.33,2.51,-0.52,3.37
2021-08-25,2.55,14.54,1.94,-0.52,2.94
2021-08-26,4.7,14.48,2.18,-0.52,4.96
2021-08-27,2.71,14.77,2.27,-0.52,4.06
2021-08-28,4.69,15.88,2.08,-0.52,5.34
2021-08-29,3.26,15.55,1.46,-0.52,4.44
2021-08-30,2.85,16.88,2.22,-0.52,4.11
2021-08-31,2.46,16.45,2.67,-0.52,3.78
2021-09-01,3.08,17.32,2.89,-0.86,3.61
2021-09-02,6.5,15.61,2.64,-0.86,4.66
2021-09-03,3.55,15.56,2.68,-0.86,4.55
2021-09-04,9.73,14.3,1.99,-0.86,7.53
2021-09-05,3.2,15.84,2.14,-0.86,3.55
2021-09-06,5.92,14.04,2.36,-0.86,5.14
2021-09-07,4.73,13.03,1.97,-0.86,6.37
2021-09-08,7.17,16.6,2.95,-0.86,6.58
2021-09-09,2.42,13.24,2.24,-0.86,3.22
2021-09-10,7.16,15.24,2.9,-0.86,6.05
2021-09-11,3.74,13.63,1.96,-0.86,4.66
2021-09-12,2.39,16.02,2.93,-0.86,3.78
2021-09-13,2.42,16.15,3.34,-0.86,3.46
2021-09-14,6.66,15.25,2.41,-0.86,5.67
2021-09-15,2.46,16.08,2.71,-0.86,3.7
2021-09-16,2.71,14.57,1.91,-0.86,3.56
2021-09-17,2.22,17.22,3.04,-0.86,3.69
2021-09-18,4.07,15.41,2.86,-0.86,4.3
2021-09-19,3.21,13.41,1.91,-0.86,3.65
2021-09-20,2.21,14.56,2.52,-0.86,3.55
2021-09-21,2.12,14.27,2.35,-0.86,3.32
2021-09-22,2.1,14.13,2.38,-0.86,2.8
2021-09-23,2.07,12.42,2.29,-0.86,3.34
2021-09-24,2.16,14.85,2.54,-0.86,3.21
2021-09-25,2.04,12.7,1.95,-0.86,3.54
2021-09-26,3.91,11.32,2.13,-0.86,4.34
2021-09-27,2.16,13.92,2.63,-0.86,2.66
2021-09-28,6.26,13.4,1.89,-0.86,4.62
2021-09-29,2.09,13.26,2.09,-0.86,3.03
2021-09-30,2.17,10.55,0.98,-0.86,3.45
2021-10-01,2.13,13.24,2.32,-0.78,2.83
2021-10-02,4.76,14.03,2.69,-0.78,2.73
2021-10-03,1.9,13.46,2.02,-0.78,3.08
2021-10-04,3.23,14.67,2.35,-0.78,2.93
2021-10-05,1.86,15.86,2.39,-0.78,2.87
2021-10-06,3.04,14.8,2.17,-0.78,4.11
2021-10-07,3.71,15.4,2.5,-0.78,3.43
2021-10-08,4.02,15.48,2.11,-0.78,4.09
2021-10-09,1.99,12.92,1.94,-0.78,2.72
2021-10-10,4.19,14.65,1.94,-0.78,4.26
2021-10-11,3.25,15.31,2.63,-0.78,3.3
2021-10-12,2.95,13.58,2.23,-0.78,2.92
2021-10-13,2.13,13.14,1.9,-0.78,2.31
2021-10-14,1.75,14.72,2.32,-0.78,3.16
2021-10-15,8.02,12.3,1.86,-0.78,6.49
2021-10-16,2.1,12.76,2.47,-0.78,3.07
2021-10-17,1.7,13.26,1.91,-0.78,2.73
2021-10-18,1.81,14.59,2.54,-0.78,2.83
2021-10-19,1.66,14.3,1.96,-0.78,1.92
2021-10-20,5.17,15.27,2.72,-0.78,4.27
2021-10-21,1.62,12.92,2.45,-0.78,2.45
2021-10-22,2.57,12.85,2.46,-0.78,3.36
2021-10-23,7.36,14.65,2.89,-0.78,6.82
2021-10-24,1.87,13.06,2.18,-0.78,2.69
2021-10-25,4.65,13.29,2.59,-0.78,3.67
2021-10-26,8.49,11.78,2.52,-0.78,5.81
2021-10-27,4.92,14.35,1.8,-0.78,4.18
2021-10-28,5.55,15.85,2.24,-0.78,4.55
2021-10-29,3.18,12.77,1.42,-0.78,2.36
2021-10-30,1.46,15.23,2.81,-0.78,2.0
2021-10-31,3.54,13.93,1.59,-0.78,4.25
2021-11-01,4.22,11.88,1.17,-0.8,4.49
2021-11-02,2.21,12.93,1.6,-0.8,3.0
2021-11-03,2.24,12.86,1.33,-0.8,2.38
2021-11-04,1.47,13.63,2.25,-0.8,2.93
2021-11-05,1.37,14.51,1.84,-0.8,2.65
2021-11-06,1.91,16.23,1.86,-0.8,2.65
2021-11-07,1.47,12.3,1.93,-0.8,1.22
2021-11-08,3.86,13.44,2.12,-0.8,3.41
2021-11-09,3.1,12.95,1.29,-0.8,3.69
2021-11-10,3.69,12.51,1.69,-0.8,3.7
2021-11-11,1.34,14.15,2.19,-0.8,2.24
2021-11-12,2.82,14.05,2.06,-0.8,3.37
2021-11-13,5.64,11.88,1.75,-0.8,4.91
2021-11-14,1.72,14.08,2.68,-0.8,2.57
2021-11-15,1.58,12.62,2.85,-0.8,1.62
2021-11-16,1.78,14.09,2.09,-0.8,1.71
2021-11-17,1.73,15.61,1.91,-0.8,2.54
2021-11-18,1.59,14.65,2.2,-0.8,2.42
2021-11-19,1.76,14.32,2.33,-0.8,2.35
2021-11-20,3.69,13.49,2.1,-0.8,3.36
2021-11-21,1.34,14.21,2.48,-0.8,1.61
2021-11-22,1.54,14.82,3.21,-0.8,1.75
2021-11-23,1.79,14.72,1.62,-0.8,2.36
2021-11-24,1.28,14.05,2.01,-0.8,1.94
2021-11-25,3.69,14.45,2.88,-0.8,4.18
2021-11-26,1.14,12.62,1.78,-0.8,1.21
2021-11-27,3.68,13.33,2.42,-0.8,4.59
2021-11-28,1.44,15.08,2.61,-0.8,0.95
2021-11-29,1.17,15.26,2.88,-0.8,1.63
2021-11-30,1.2,14.38,3.02,-0.8,0.79
2021-12-01,2.93,16.06,2.64,-0.6,2.44
2021-12-02,3.97,14.91,1.64,-0.6,3.69
2021-12-03,1.12,14.04,1.93,-0.6,1.51
2021-12-04,2.71,12.87,2.91,-0.6,2.58
2021-12-05,2.06,16.08,1.95,-0.6,1.77
2021-12-06,2.96,15.3,2.59,-0.6,1.29
2021-12-07,1.78,16.56,1.58,-0.6,2.23
2021-12-08,1.05,17.02,2.11,-0.6,1.33
2021-12-09,1.72,12.9,2.39,-0.6,1.33
2021-12-10,1.64,12.92,2.05,-0.6,1.38
2021-12-11,16.03,11.05,1.61,-0.6,10.44
2021-12-12,1.96,15.61,2.12,-0.6,1.83
2021-12-13,1.04,15.32,1.6,-0.6,2.0
2021-12-14,9.35,14.67,2.58,-0.6,6.99
2021-12-15,13.46,13.11,1.95,-0.6,10.28
2021-12-16,1.05,14.49,1.67,-0.6,3.05
2021-12-17,8.21,14.85,2.34,-0.6,6.4
2021-12-18,4.68,15.59,2.67,-0.6,4.42
2021-12-19,3.81,15.0,2.27,-0.6,3.72
2021-12-20,1.12,15.5,2.47,-0.6,2.1
2021-12-21,3.42,14.58,2.3,-0.6,4.03
2021-12-22,1.2,16.17,2.24,-0.6,2.13
2021-12-23,12.96,15.54,2.45,-0.6,9.3
2021-12-24,4.85,13.39,2.4,-0.6,4.17
2021-12-25,5.3,16.51,2.99,-0.6,5.46
2021-12-26,1.03,16.34,2.87,-0.6,2.4
2021-12-27,2.71,15.45,2.15,-0.6,3.97
2021-12-28,1.21,15.26,2.64,-0.6,2.06
2021-12-29,4.16,16.94,2.83,-0.6,3.57
2021-12-30,4.79,13.02,1.77,-0.6,5.31
2021-12-31,1.32,16.5,2.39,-0.6,2.13
2022-01-01,11.55,14.47,2.54,-0.94,7.92
2022-01-02,1.51,16.39,3.11,-0.94,2.04
2022-01-03,1.35,15.25,1.66,-0.94,3.21
2022-01-04,1.76,13.64,2.8,-0.94,2.98
2022-01-05,2.19,14.57,2.75,-0.94,2.42
2022-01-06,1.39,16.42,2.64,-0.94,1.96
2022-01-07,1.21,14.98,2.25,-0.94,2.54
2022-01-08,1.07,14.51,2.43,-0.94,2.72
2022-01-09,1.6,14.54,2.02,-0.94,2.32
2022-01-10,1.06,16.1,2.44,-0.94,2.2
2022-01-11,5.73,17.46,2.13,-0.94,5.2
2022-01-12,1.2,12.82,1.33,-0.94,3.36
2022-01-13,3.13,18.78,3.85,-0.94,2.06
2022-01-14,1.04,15.7,2.48,-0.94,1.52
2022-01-15,5.25,16.19,2.61,-0.94,3.99
2022-01-16,1.12,15.0,2.34,-0.94,2.26
2022-01-17,1.07,15.55,2.1,-0.94,1.66
2022-01-18,3.12,15.82,2.35,-0.94,3.07
2022-01-19,1.53,14.36,2.29,-0.94,2.01
2022-01-20,1.54,14.69,2.22,-0.94,1.92
2022-01-21,4.58,17.11,2.37,-0.94,3.78
2022-01-22,3.88,13.86,2.37,-0.94,3.86
2022-01-23,2.37,16.29,2.62,-0.94,1.87
2022-01-24,12.49,15.35,2.56,-0.94,8.59
2022-01-25,5.35,14.68,2.58,-0.94,3.92
2022-01-26,1.21,18.23,2.77,-0.94,2.18
2022-01-27,1.53,14.75,2.25,-0.94,2.14
2022-01-28,3.29,14.58,2.88,-0.94,3.61
2022-01-29,3.79,15.74,2.08,-0.94,3.62
2022-01-30,3.08,15.08,1.61,-0.94,3.13
2022-01-31,2.72,16.04,2.73,-0.94,2.66
2022-02-01,1.18,16.26,2.29,-1.32,2.8
2022-02-02,1.22,16.38,2.13,-1.32,1.15
2022-02-03,1.68,15.99,2.85,-1.32,1.62
2022-02-04,1.4,15.33,2.34,-1.32,1.87
2022-02-05,1.27,16.98,2.14,-1.32,1.46
2022-02-06,3.34,16.11,3.29,-1.32,2.95
2022-02-07,5.09,15.68,1.81,-1.32,4.31
2022-02-08,4.4,18.08,2.78,-1.32,3.78
2022-02-09,2.22,16.2,1.77,-1.32,2.65
2022-02-10,2.59,17.69,2.86,-1.32,2.4
2022-02-11,1.46,17.88,2.53,-1.32,1.15
2022-02-12,2.6,17.99,3.13,-1.32,2.37
2022-02-13,2.6,17.31,2.69,-1.32,1.52
2022-02-14,1.33,16.51,3.12,-1.32,1.22
2022-02-15,3.61,16.47,2.4,-1.32,3.33
2022-02-16,3.82,16.28,1.9,-1.32,4.01
2022-02-17,3.72,14.01,2.3,-1.32,4.44
2022-02-18,3.92,17.51,2.62,-1.32,3.1
2022-02-19,1.41,16.97,1.92,-1.32,1.49
2022-02-20,1.93,17.7,2.33,-1.32,2.34
2022-02-21,4.47,16.6,2.3,-1.32,4.66
2022-02-22,1.74,17.57,3.36,-1.32,2.4
2022-02-23,5.56,15.15,2.66,-1.32,3.81
2022-02-24,1.98,15.43,2.28,-1.32,2.11
2022-02-25,1.7,13.89,2.37,-1.32,2.36
2022-02-26,1.89,16.74,1.79,-1.32,2.66
2022-02-27,1.52,16.0,2.27,-1.32,2.07
2022-02-28,1.53,15.87,2.64,-1.32,1.39
2022-03-01,5.03,17.39,2.77,-1.13,4.05
2022-03-02,8.94,16.51,2.36,-1.13,6.94
2022-03-03,3.77,15.33,2.38,-1.13,2.91
2022-03-04,7.83,20.13,3.25,-1.13,6.39
2022-03-05,2.17,17.06,2.66,-1.13,2.93
2022-03-06,6.11,15.83,2.82,-1.13,4.5
2022-03-07,1.65,16.36,2.68,-1.13,2.61
2022-03-08,2.01,16.98,2.85,-1.13,2.66
2022-03-09,5.16,17.01,3.34,-1.13,4.49
2022-03-10,3.93,18.81,3.25,-1.13,4.14
2022-03-11,3.22,17.18,3.37,-1.13,2.86
2022-03-12,1.86,19.52,2.76,-1.13,2.34
2022-03-13,4.52,16.8,1.98,-1.13,2.75
2022-03-14,1.76,17.86,2.72,-1.13,2.68
2022-03-15,6.46,18.6,2.8,-1.13,5.56
2022-03-16,1.92,18.83,3.51,-1.13,2.7
2022-03-17,8.2,19.0,2.5,-1.13,5.84
2022-03-18,1.88,17.12,2.64,-1.13,2.86
2022-03-19,4.76,17.46,2.88,-1.13,4.6
2022-03-20,2.34,14.52,2.32,-1.13,2.43
2022-03-21,3.84,17.28,2.62,-1.13,4.11
2022-03-22,2.61,18.85,3.07,-1.13,2.89
2022-03-23,23.8,18.64,3.33,-1.13,15.29
2022-03-24,3.26,17.48,3.34,-1.13,3.97
2022-03-25,3.16,19.64,3.06,-1.13,3.27
2022-03-26,3.48,17.16,2.35,-1.13,3.2
2022-03-27,2.04,16.78,3.23,-1.13,2.99
2022-03-28,2.06,17.1,2.23,-1.13,3.03
2022-03-29,2.96,16.33,3.27,-1.13,3.95
2022-03-30,6.84,18.45,3.4,-1.13,5.73
2022-03-31,3.08,18.06,3.41,-1.13,3.71
2022-04-01,2.76,18.47,3.14,-1.23,3.41
2022-04-02,3.19,17.25,1.84,-1.23,4.32
2022-04-03,3.48,17.7,2.34,-1.23,3.38
2022-04-04,2.11,15.17,2.5,-1.23,2.97
2022-04-05,2.28,18.25,2.57,-1.23,2.83
2022-04-06,8.41,17.93,2.66,-1.23,7.13
2022-04-07,6.89,16.51,2.82,-1.23,6.05
2022-04-08,2.18,17.72,2.69,-1.23,2.7
2022-04-09,11.11,17.55,2.24,-1.23,8.73
2022-04-10,10.98,19.98,3.45,-1.23,9.5
2022-04-11,4.69,16.61,2.8,-1.23,4.18
2022-04-12,6.77,18.29,2.74,-1.23,6.76
2022-04-13,3.56,16.59,2.87,-1.23,4.97
2022-04-14,6.57,17.24,2.72,-1.23,6.6
2022-04-15,3.27,18.25,3.37,-1.23,5.01
2022-04-16,5.09,17.68,2.81,-1.23,5.8
2022-04-17,4.43,17.93,3.32,-1.23,4.94
2022-04-18,4.27,18.35,2.1,-1.23,4.79
2022-04-19,4.75,17.36,2.89,-1.23,5.28
2022-04-20,3.56,19.02,2.79,-1.23,4.68
2022-04-21,2.59,17.6,2.4,-1.23,3.8
2022-04-22,3.17,17.86,3.24,-1.23,3.46
2022-04-23,2.43,18.41,3.22,-1.23,2.7
2022-04-24,2.69,18.26,2.04,-1.23,3.86
2022-04-25,5.71,18.76,3.2,-1.23,4.57
2022-04-26,2.74,18.37,3.09,-1.23,3.22
2022-04-27,2.49,18.56,2.59,-1.23,2.18
2022-04-28,6.53,17.61,2.41,-1.23,6.44
2022-04-29,2.9,16.72,1.97,-1.23,4.47
2022-04-30,4.04,16.29,2.41,-1.23,4.49
2022-05-01,2.7,16.0,2.43,-1.25,4.49
2022-05-02,11.68,20.12,3.44,-1.25,9.73
2022-05-03,3.89,15.34,2.51,-1.25,4.77
2022-05-04,3.22,19.43,2.59,-1.25,3.99
2022-05-05,6.38,17.01,2.75,-1.25,5.84
2022-05-06,2.72,19.42,2.91,-1.25,3.92
2022-05-07,4.04,15.35,2.03,-1.25,4.66
2022-05-08,2.81,17.7,2.12,-1.25,4.17
2022-05-09,4.68,19.73,3.31,-1.25,4.99
2022-05-10,2.68,18.83,3.1,-1.25,3.33
2022-05-11,3.76,17.57,2.96,-1.25,4.68
2022-05-12,16.23,15.63,2.15,-1.25,12.4
2022-05-13,2.74,16.37,2.62,-1.25,4.0
2022-05-14,5.28,19.62,2.49,-1.25,5.13
2022-05-15,2.88,17.53,2.33,-1.25,3.99
2022-05-16,3.03,17.85,2.79,-1.25,5.1
2022-05-17,3.71,18.27,2.95,-1.25,3.9
2022-05-18,6.17,16.35,1.9,-1.25,6.48
2022-05-19,4.45,18.4,2.44,-1.25,4.81
2022-05-20,10.34,17.39,2.56,-1.25,7.74
2022-05-21,3.51,18.24,3.22,-1.25,4.66
2022-05-22,3.4,17.18,2.35,-1.25,4.25
2022-05-23,4.44,15.97,2.55,-1.25,5.26
2022-05-24,2.84,17.34,2.8,-1.25,4.46
2022-05-25,2.87,18.6,2.79,-1.25,4.04
2022-05-26,3.16,18.29,2.95,-1.25,4.16
2022-05-27,9.44,17.84,2.24,-1.25,7.83
2022-05-28,3.03,18.87,2.67,-1.25,4.48
2022-05-29,6.2,17.53,3.3,-1.25,5.84
2022-05-30,3.01,17.83,3.38,-1.25,2.87
2022-05-31,4.56,17.17,3.01,-1.25,5.35
2022-06-01,2.91,18.87,3.37,-1.42,4.31
2022-06-02,3.17,18.06,2.08,-1.42,5.02
2022-06-03,3.14,17.02,2.27,-1.42,5.24
2022-06-04,6.04,15.89,2.36,-1.42,6.41
2022-06-05,3.87,18.98,3.91,-1.42,4.38
2022-06-06,3.1,16.74,2.49,-1.42,4.58
2022-06-07,6.54,17.7,3.05,-1.42,5.65
2022-06-08,3.23,20.42,3.31,-1.42,3.03
2022-06-09,3.03,18.53,3.02,-1.42,3.54
2022-06-10,3.22,19.48,3.01,-1.42,4.49
2022-06-11,9.8,16.88,2.15,-1.42,8.16
2022-06-12,3.45,18.79,1.84,-1.42,4.79
2022-06-13,4.9,17.51,3.24,-1.42,5.32
2022-06-14,3.52,17.9,2.54,-1.42,4.47
2022-06-15,3.1,19.86,2.33,-1.42,3.47
2022-06-16,6.23,17.08,2.84,-1.42,6.15
2022-06-17,4.39,17.41,2.88,-1.42,4.6
2022-06-18,3.0,16.28,2.85,-1.42,4.73
2022-06-19,4.22,18.4,3.31,-1.42,5.05
2022-06-20,3.11,16.64,2.23,-1.42,3.89
2022-06-21,10.97,18.51,2.53,-1.42,10.08
2022-06-22,3.02,15.28,2.26,-1.42,4.39
2022-06-23,4.47,17.89,3.11,-1.42,4.01
2022-06-24,10.17,16.43,1.72,-1.42,9.07
2022-06-25,3.01,18.05,2.86,-1.42,4.98
2022-06-26,9.62,17.13,3.04,-1.42,8.04
2022-06-27,3.06,16.48,2.93,-1.42,4.24
2022-06-28,5.25,16.63,2.88,-1.42,5.0
2022-06-29,3.49,16.04,2.93,-1.42,3.9
2022-06-30,3.11,18.04,1.71,-1.42,4.19
2022-07-01,5.19,15.74,3.11,-1.19,4.8
2022-07-02,4.09,16.65,2.73,-1.19,4.51
2022-07-03,11.43,17.36,3.24,-1.19,10.25
2022-07-04,3.11,18.85,2.46,-1.19,4.47
2022-07-05,3.24,16.87,1.93,-1.19,5.07
2022-07-06,4.42,16.56,3.3,-1.19,5.5
2022-07-07,4.25,17.15,2.3,-1.19,4.59
2022-07-08,11.37,14.3,2.12,-1.19,9.37
2022-07-09,6.14,15.32,2.61,-1.19,6.88
2022-07-10,6.75,16.27,2.85,-1.19,6.53
2022-07-11,4.67,15.84,2.91,-1.19,5.89
2022-07-12,3.1,14.74,2.4,-1.19,5.51
2022-07-13,3.4,17.66,2.33,-1.19,4.09
2022-07-14,4.29,16.91,2.92,-1.19,4.97
2022-07-15,3.68,16.73,2.9,-1.19,4.63
2022-07-16,7.0,15.69,1.73,-1.19,6.94
2022-07-17,6.17,16.59,3.16,-1.19,5.99
2022-07-18,6.21,17.08,1.67,-1.19,6.59
2022-07-19,3.98,16.11,2.93,-1.19,5.04
2022-07-20,3.68,16.93,2.39,-1.19,5.06
2022-07-21,4.48,15.4,2.69,-1.19,5.83
2022-07-22,3.0,16.44,2.77,-1.19,4.34
2022-07-23,2.93,17.66,2.73,-1.19,4.8
2022-07-24,4.51,17.74,2.94,-1.19,4.83
2022-07-25,6.62,17.82,2.74,-1.19,5.94
2022-07-26,3.1,16.53,2.87,-1.19,4.13
2022-07-27,2.91,16.19,3.4,-1.19,4.14
2022-07-28,5.5,15.58,1.9,-1.19,6.43
2022-07-29,8.54,13.92,0.91,-1.19,9.06
2022-07-30,3.6,14.44,2.1,-1.19,5.06
2022-07-31,3.41,15.82,2.28,-1.19,5.07
2022-08-01,13.63,15.85,2.33,-1.12,11.84
2022-08-02,3.0,17.64,2.38,-1.12,4.27
2022-08-03,8.7,17.49,3.07,-1.12,7.91
2022-08-04,4.21,15.06,1.81,-1.12,7.05
2022-08-05,3.16,16.83,2.8,-1.12,5.08
2022-08-06,15.14,15.24,2.64,-1.12,12.55
2022-08-07,3.72,16.6,2.72,-1.12,5.76
2022-08-08,10.0,16.71,2.8,-1.12,8.57
2022-08-09,3.74,17.2,3.06,-1.12,4.99
2022-08-10,7.75,15.08,2.38,-1.12,7.52
2022-08-11,2.84,16.86,2.49,-1.12,5.13
2022-08-12,4.46,13.36,2.3,-1.12,5.74
2022-08-13,17.0,17.13,2.91,-1.12,13.77
2022-08-14,3.9,15.51,2.78,-1.12,5.63
2022-08-15,4.94,15.5,1.74,-1.12,5.9
2022-08-16,6.09,13.03,1.98,-1.12,7.79
2022-08-17,3.65,14.97,1.92,-1.12,4.95
2022-08-18,2.92,17.03,2.88,-1.12,4.62
2022-08-19,5.18,14.86,2.62,-1.12,5.75
2022-08-20,6.63,16.2,2.42,-1.12,6.94
2022-08-21,3.05,15.35,2.11,-1.12,5.33
2022-08-22,4.85,16.55,2.82,-1.12,6.68
2022-08-23,3.4,15.47,2.37,-1.12,4.48
2022-08-24,2.63,14.09,2.78,-1.12,4.27
2022-08-25,2.74,15.25,3.1,-1.12,3.54
2022-08-26,2.66,17.07,3.06,-1.12,3.97
2022-08-27,2.67,15.72,2.55,-1.12,4.38
2022-08-28,2.84,14.95,3.07,-1.12,4.58
2022-08-29,13.24,17.76,2.86,-1.12,9.78
2022-08-30,3.41,16.42,2.37,-1.12,5.27
2022-08-31,2.49,15.98,2.23,-1.12,3.9
2022-09-01,3.43,15.35,2.12,-1.06,4.31
2022-09-02,6.38,15.81,2.47,-1.06,6.67
2022-09-03,4.67,15.82,2.66,-1.06,5.85
2022-09-04,6.66,12.26,1.37,-1.06,7.14
2022-09-05,3.3,15.33,2.22,-1.06,4.32
2022-09-06,3.4,14.63,2.38,-1.06,4.77
2022-09-07,2.54,14.2,2.49,-1.06,3.82
2022-09-08,2.37,14.53,2.27,-1.06,4.36
2022-09-09,3.83,12.88,2.13,-1.06,5.48
2022-09-10,7.06,12.55,1.49,-1.06,7.68
2022-09-11,2.94,16.19,2.16,-1.06,4.43
2022-09-12,4.26,15.22,2.36,-1.06,5.71
2022-09-13,3.52,11.74,2.07,-1.06,4.25
2022-09-14,3.45,13.92,2.28,-1.06,5.5
2022-09-15,4.28,15.65,2.11,-1.06,4.63
2022-09-16,2.95,14.23,2.14,-1.06,3.27
2022-09-17,2.3,16.03,3.11,-1.06,4.19
2022-09-18,2.5,15.78,2.68,-1.06,3.32
2022-09-19,2.25,12.87,1.96,-1.06,3.73
2022-09-20,3.69,14.3,1.83,-1.06,4.04
2022-09-21,8.74,13.91,1.9,-1.06,8.91
2022-09-22,2.09,12.76,2.02,-1.06,4.55
2022-09-23,2.93,12.66,2.11,-1.06,4.84
2022-09-24,2.66,13.42,2.34,-1.06,3.82
2022-09-25,2.61,13.6,2.29,-1.06,4.18
2022-09-26,5.5,14.69,2.15,-1.06,5.49
2022-09-27,6.05,15.58,2.23,-1.06,6.46
2022-09-28,3.05,14.93,3.16,-1.06,3.56
2022-09-29,6.42,15.19,2.16,-1.06,6.95
2022-09-30,2.05,13.95,1.68,-1.06,3.39
2022-10-01,2.21,14.98,1.69,-1.35,3.51
2022-10-02,2.04,14.06,2.07,-1.35,3.15
2022-10-03,2.76,13.69,2.53,-1.35,3.73
2022-10-04,2.82,16.48,2.34,-1.35,3.49
2022-10-05,8.69,11.4,2.4,-1.35,7.75
2022-10-06,3.99,11.93,1.89,-1.35,4.49
2022-10-07,5.99,14.62,2.74,-1.35,6.17
2022-10-08,2.15,13.83,1.87,-1.35,4.34
2022-10-09,2.53,12.41,1.67,-1.35,3.87
2022-10-10,5.37,12.86,2.07,-1.35,6.64
2022-10-11,2.12,13.01,2.24,-1.35,3.93
2022-10-12,3.15,15.17,2.3,-1.35,5.03
2022-10-13,2.17,15.55,2.55,-1.35,3.17
2022-10-14,2.65,16.05,2.74,-1.35,2.54
2022-10-15,3.33,12.17,1.36,-1.35,3.87
2022-10-16,1.92,12.42,1.83,-1.35,2.84
2022-10-17,7.13,12.33,1.74,-1.35,6.07
2022-10-18,1.72,15.59,2.25,-1.35,1.83
2022-10-19,1.75,14.54,2.44,-1.35,3.32
2022-10-20,1.98,14.13,2.02,-1.35,2.09
2022-10-21,7.04,14.3,1.44,-1.35,6.96
2022-10-22,1.83,13.95,2.1,-1.35,4.06
2022-10-23,1.58,12.67,1.58,-1.35,2.51
2022-10-24,2.95,14.63,2.49,-1.35,3.64
2022-10-25,1.87,13.79,2.49,-1.35,2.5
2022-10-26,10.82,12.57,1.12,-1.35,9.42
2022-10-27,2.91,14.69,1.99,-1.35,3.16
2022-10-28,3.79,13.49,2.27,-1.35,4.16
2022-10-29,1.49,14.27,1.68,-1.35,3.45
2022-10-30,4.03,13.85,2.49,-1.35,4.2
2022-10-31,1.94,15.07,2.78,-1.35,1.94
2022-11-01,1.47,14.26,2.17,-1.22,3.18
2022-11-02,2.15,12.94,1.73,-1.22,2.42
2022-11-03,3.23,14.39,1.33,-1.22,3.9
2022-11-04,2.5,14.43,2.59,-1.22,3.27
2022-11-05,2.12,14.62,3.09,-1.22,2.59
2022-11-06,1.36,15.25,3.11,-1.22,3.36
2022-11-07,3.48,13.28,2.01,-1.22,3.97
2022-11-08,1.35,14.82,1.89,-1.22,2.18
2022-11-09,3.72,11.96,2.23,-1.22,3.94
2022-11-10,3.85,13.89,2.13,-1.22,3.88
2022-11-11,3.02,13.71,2.35,-1.22,3.21
2022-11-12,5.06,15.78,2.59,-1.22,4.54
2022-11-13,8.39,13.86,2.22,-1.22,6.55
2022-11-14,1.27,14.79,2.73,-1.22,2.31
2022-11-15,2.27,11.95,2.32,-1.22,2.59
2022-11-16,1.94,13.66,1.94,-1.22,1.76
2022-11-17,3.77,13.07,1.69,-1.22,4.5
2022-11-18,1.51,17.07,1.66,-1.22,2.21
2022-11-19,3.35,13.31,1.96,-1.22,3.61
2022-11-20,2.16,14.21,1.79,-1.22,2.44
2022-11-21,4.22,14.28,2.41,-1.22,3.56
2022-11-22,1.34,12.24,1.8,-1.22,1.76
2022-11-23,1.17,13.53,2.04,-1.22,2.5
2022-11-24,16.55,14.66,2.62,-1.22,12.36
2022-11-25,1.23,14.29,2.4,-1.22,2.36
2022-11-26,1.4,11.44,1.77,-1.22,2.31
2022-11-27,2.11,13.54,2.8,-1.22,1.78
2022-11-28,4.42,15.46,2.71,-1.22,4.5
2022-11-29,6.18,14.95,2.18,-1.22,5.1
2022-11-30,6.31,15.73,2.31,-1.22,5.02
2022-12-01,1.3,13.1,2.38,-1.47,2.42
2022-12-02,5.94,15.84,2.56,-1.47,5.2
2022-12-03,1.09,14.27,1.79,-1.47,1.69
2022-12-04,1.3,16.25,2.9,-1.47,1.54
2022-12-05,1.92,14.36,2.76,-1.47,2.67
2022-12-06,13.87,11.92,2.36,-1.47,10.28
2022-12-07,4.07,15.42,3.03,-1.47,4.42
2022-12-08,1.09,13.89,3.01,-1.47,2.51
2022-12-09,1.43,13.99,2.89,-1.47,2.87
2022-12-10,1.94,12.72,2.14,-1.47,2.42
2022-12-11,1.05,16.43,2.48,-1.47,2.31
2022-12-12,1.03,13.88,1.45,-1.47,2.62
2022-12-13,2.49,16.42,2.57,-1.47,2.53
2022-12-14,2.87,14.04,2.41,-1.47,3.68
2022-12-15,2.62,13.46,2.14,-1.47,2.18
2022-12-16,1.01,16.18,1.77,-1.47,1.61
2022-12-17,2.87,14.54,2.17,-1.47,2.22
2022-12-18,1.55,14.57,2.54,-1.47,1.68
2022-12-19,1.13,13.14,1.66,-1.47,1.92
2022-12-20,8.97,14.15,2.29,-1.47,7.42
2022-12-21,1.51,15.24,2.56,-1.47,2.03
2022-12-22,4.46,13.2,2.53,-1.47,3.73
2022-12-23,2.01,14.14,2.91,-1.47,1.52
2022-12-24,1.05,14.31,2.09,-1.47,1.26
2022-12-25,2.6,14.92,2.41,-1.47,2.88
2022-12-26,8.93,16.64,2.68,-1.47,7.31
2022-12-27,9.72,14.54,2.54,-1.47,7.44
2022-12-28,1.82,14.1,2.43,-1.47,3.2
2022-12-29,13.38,18.25,3.41,-1.47,9.51
2022-12-30,5.05,14.46,1.34,-1.47,5.21
2022-12-31,1.17,14.78,2.48,-1.47,2.37
2023-01-01,10.55,14.61,2.49,-1.64,9.58
2023-01-02,2.24,14.74,2.22,-1.64,3.5
2023-01-03,1.14,15.2,1.47,-1.64,1.96
2023-01-04,1.07,16.24,2.51,-1.64,2.98
2023-01-05,11.2,15.65,2.16,-1.64,10.27
2023-01-06,1.66,16.49,3.24,-1.64,2.57
2023-01-07,7.16,16.48,2.72,-1.64,6.09
2023-01-08,1.65,15.51,2.11,-1.64,3.51
2023-01-09,1.33,15.74,1.64,-1.64,3.91
2023-01-10,1.21,16.66,2.83,-1.64,2.92
2023-01-11,2.39,14.02,2.48,-1.64,2.37
2023-01-12,1.32,18.39,2.77,-1.64,2.72
2023-01-13,1.11,14.81,2.56,-1.64,2.45
2023-01-14,1.23,15.03,2.22,-1.64,1.77
2023-01-15,7.65,14.04,2.63,-1.64,7.07
2023-01-16,3.49,14.1,2.61,-1.64,3.94
2023-01-17,1.18,16.72,1.95,-1.64,3.01
2023-01-18,5.33,18.31,2.29,-1.64,4.47
2023-01-19,4.13,14.94,3.15,-1.64,4.15
2023-01-20,8.39,16.07,2.88,-1.64,6.52
2023-01-21,1.09,15.96,1.99,-1.64,2.54
2023-01-22,15.28,16.93,2.01,-1.64,12.81
2023-01-23,1.15,18.42,2.95,-1.64,1.97
2023-01-24,2.92,17.62,2.29,-1.64,3.12
2023-01-25,7.17,15.54,2.3,-1.64,7.15
2023-01-26,6.06,16.5,2.56,-1.64,5.94
2023-01-27,1.46,16.65,2.56,-1.64,3.43
2023-01-28,2.47,15.91,2.94,-1.64,2.9
2023-01-29,3.29,14.65,3.03,-1.64,3.8
2023-01-30,10.36,15.04,2.16,-1.64,9.23
2023-01-31,4.29,17.41,2.26,-1.64,5.01
2023-02-01,5.41,17.57,2.89,-1.98,4.7
2023-02-02,10.59,15.85,3.13,-1.98,10.67
2023-02-03,1.47,16.45,2.41,-1.98,3.29
2023-02-04,6.48,17.61,3.08,-1.98,5.75
2023-02-05,2.29,14.16,1.89,-1.98,4.06
2023-02-06,2.46,15.7,2.46,-1.98,3.97
2023-02-07,3.96,18.7,2.44,-1.98,5.26
2023-02-08,2.82,16.67,2.6,-1.98,4.33
2023-02-09,7.43,14.99,2.3,-1.98,7.13
2023-02-10,1.82,16.52,2.82,-1.98,2.28
2023-02-11,1.36,17.64,3.46,-1.98,2.97
2023-02-12,6.88,13.39,1.95,-1.98,6.05
2023-02-13,1.72,16.69,1.8,-1.98,3.93
2023-02-14,1.51,16.06,2.43,-1.98,2.5
2023-02-15,2.03,14.57,2.41,-1.98,3.47
2023-02-16,1.56,16.68,2.68,-1.98,2.32
2023-02-17,1.56,16.45,2.5,-1.98,2.37
2023-02-18,8.11,16.61,3.19,-1.98,6.59
2023-02-19,2.09,16.26,2.59,-1.98,3.38
2023-02-20,6.98,15.48,2.38,-1.98,6.23
2023-02-21,1.45,14.99,2.04,-1.98,3.19
2023-02-22,1.64,15.94,1.79,-1.98,2.65
2023-02-23,3.35,17.83,2.91,-1.98,3.58
2023-02-24,1.61,17.11,2.77,-1.98,2.5
2023-02-25,1.87,16.78,2.19,-1.98,2.86
2023-02-26,6.9,15.65,2.43,-1.98,5.79
2023-02-27,2.74,16.48,2.51,-1.98,3.7
2023-02-28,3.6,17.84,2.53,-1.98,3.79
2023-03-01,1.55,17.59,2.42,-2.02,2.75
2023-03-02,1.57,16.44,2.73,-2.02,2.3
2023-03-03,1.67,13.91,2.1,-2.02,2.82
2023-03-04,6.72,16.27,2.3,-2.02,5.84
2023-03-05,3.58,16.53,2.23,-2.02,3.52
2023-03-06,7.04,16.04,2.45,-2.02,6.55
2023-03-07,5.3,16.67,2.97,-2.02,4.77
2023-03-08,2.39,18.17,2.91,-2.02,3.71
2023-03-09,2.26,17.17,2.58,-2.02,2.99
2023-03-10,1.73,18.43,2.99,-2.02,1.68
2023-03-11,3.56,15.46,2.96,-2.02,3.32
2023-03-12,1.83,16.93,2.84,-2.02,1.9
2023-03-13,2.52,15.0,2.45,-2.02,3.5
2023-03-14,8.6,16.84,2.88,-2.02,7.55
2023-03-15,3.83,16.12,2.45,-2.02,4.02
2023-03-16,13.32,18.94,3.01,-2.02,10.85
2023-03-17,2.3,17.91,2.59,-2.02,3.2
2023-03-18,1.85,18.67,2.28,-2.02,3.39
2023-03-19,2.07,16.96,2.78,-2.02,3.13
2023-03-20,1.99,16.27,2.68,-2.02,3.12
2023-03-21,5.2,16.25,2.42,-2.02,5.02
2023-03-22,7.11,17.86,3.19,-2.02,5.95
2023-03-23,2.82,19.73,2.77,-2.02,3.77
2023-03-24,2.35,18.08,2.1,-2.02,4.06
2023-03-25,4.4,17.15,2.39,-2.02,5.17
2023-03-26,2.04,17.4,2.09,-2.02,3.83
2023-03-27,2.04,17.61,2.88,-2.02,2.78
2023-03-28,2.04,20.09,2.81,-2.02,2.17
2023-03-29,2.09,19.16,3.37,-2.02,1.98
2023-03-30,2.24,18.01,3.19,-2.02,3.22
2023-03-31,2.21,17.85,2.41,-2.02,1.79
2023-04-01,9.19,18.09,2.49,-1.75,8.25
2023-04-02,2.22,18.34,3.07,-1.75,2.25
2023-04-03,2.24,17.27,3.08,-1.75,3.55
2023-04-04,2.36,16.77,1.81,-1.75,3.03
2023-04-05,6.4,19.04,3.07,-1.75,5.77
2023-04-06,2.15,17.84,1.9,-1.75,4.14
2023-04-07,4.75,18.97,2.73,-1.75,4.26
2023-04-08,2.2,19.82,3.51,-1.75,2.24
2023-04-09,5.96,18.48,4.08,-1.75,4.43
2023-04-10,3.6,18.3,2.75,-1.75,3.15
2023-04-11,2.96,21.72,2.86,-1.75,2.99
2023-04-12,10.33,18.14,2.62,-1.75,8.08
2023-04-13,3.89,16.59,2.62,-1.75,3.48
2023-04-14,2.3,17.57,2.47,-1.75,2.94
2023-04-15,12.04,19.78,2.7,-1.75,9.93
2023-04-16,2.51,16.38,2.39,-1.75,3.01
2023-04-17,4.26,17.04,2.81,-1.75,4.4
2023-04-18,4.17,19.28,2.92,-1.75,5.08
2023-04-19,2.37,17.63,2.39,-1.75,2.59
2023-04-20,2.49,17.83,2.51,-1.75,4.26
2023-04-21,5.08,19.26,2.82,-1.75,4.6
2023-04-22,4.4,17.11,2.27,-1.75,4.79
2023-04-23,2.49,16.22,2.25,-1.75,4.02
2023-04-24,3.48,16.32,2.81,-1.75,4.63
2023-04-25,6.37,18.69,2.81,-1.75,6.06
2023-04-26,4.08,18.3,2.14,-1.75,4.19
2023-04-27,2.88,17.16,3.08,-1.75,3.0
2023-04-28,2.61,16.61,2.76,-1.75,2.97
2023-04-29,8.72,17.67,2.2,-1.75,8.61
2023-04-30,3.64,19.34,2.85,-1.75,3.88
2023-05-01,3.1,17.0,2.33,-1.69,4.01
2023-05-02,2.59,17.2,2.95,-1.69,2.73
2023-05-03,2.62,16.57,2.44,-1.69,2.81
2023-05-04,2.94,17.56,2.7,-1.69,3.48
2023-05-05,4.65,18.4,2.78,-1.69,4.43
2023-05-06,2.64,20.53,2.59,-1.69,3.16
2023-05-07,6.86,18.25,3.4,-1.69,5.14
2023-05-08,4.1,17.92,3.05,-1.69,4.15
2023-05-09,5.63,19.02,2.65,-1.69,6.15
2023-05-10,2.75,18.81,3.0,-1.69,2.9
2023-05-11,2.71,17.28,3.08,-1.69,3.66
2023-05-12,4.5,20.73,3.23,-1.69,2.62
2023-05-13,3.57,17.93,3.41,-1.69,3.25
2023-05-14,3.69,18.24,4.0,-1.69,2.55
2023-05-15,3.86,18.61,2.84,-1.69,4.61
2023-05-16,6.07,18.35,2.62,-1.69,6.03
2023-05-17,2.92,19.76,2.67,-1.69,2.96
2023-05-18,2.78,17.21,1.8,-1.69,3.78
2023-05-19,3.28,18.85,3.43,-1.69,4.0
2023-05-20,3.09,18.09,2.67,-1.69,4.16
2023-05-21,8.63,19.06,3.31,-1.69,6.87
2023-05-22,3.15,17.62,3.17,-1.69,2.38
2023-05-23,2.9,17.44,2.28,-1.69,3.13
2023-05-24,4.96,18.73,2.54,-1.69,5.27
2023-05-25,2.98,18.26,3.54,-1.69,4.26
2023-05-26,3.26,16.84,2.6,-1.69,3.65
2023-05-27,2.88,19.42,2.75,-1.69,3.04
2023-05-28,2.95,18.67,2.48,-1.69,4.64
2023-05-29,3.55,17.69,2.7,-1.69,3.95
2023-05-30,2.92,17.2,3.28,-1.69,2.49
2023-05-31,8.16,18.18,3.1,-1.69,6.69
2023-06-01,15.59,18.52,2.95,-1.8,12.74
2023-06-02,3.67,15.8,3.1,-1.8,4.19
2023-06-03,7.36,18.14,3.38,-1.8,7.09
2023-06-04,3.04,18.45,3.0,-1.8,3.07
2023-06-05,3.89,14.83,3.43,-1.8,3.55
2023-06-06,5.54,17.87,2.68,-1.8,5.29
2023-06-07,5.62,18.45,3.31,-1.8,5.39
2023-06-08,3.95,18.29,2.69,-1.8,4.78
2023-06-09,15.24,18.53,3.24,-1.8,12.65
2023-06-10,6.2,17.16,2.57,-1.8,7.83
2023-06-11,3.24,16.28,2.73,-1.8,4.14
2023-06-12,2.97,15.35,3.36,-1.8,3.88
2023-06-13,3.63,18.79,3.3,-1.8,4.09
2023-06-14,4.26,18.3,3.04,-1.8,5.47
2023-06-15,3.03,18.84,2.62,-1.8,4.76
2023-06-16,5.2,16.54,2.66,-1.8,5.42
2023-06-17,3.49,18.35,2.45,-1.8,5.57
2023-06-18,4.05,15.56,2.79,-1.8,4.41
2023-06-19,3.09,16.29,2.89,-1.8,4.55
2023-06-20,5.21,17.46,2.65,-1.8,6.28
2023-06-21,7.33,18.08,3.48,-1.8,6.1
2023-06-22,4.55,19.27,3.6,-1.8,5.16
2023-06-23,3.69,16.94,2.7,-1.8,3.2
2023-06-24,3.05,16.16,2.75,-1.8,4.48
2023-06-25,3.25,16.07,2.28,-1.8,3.76
2023-06-26,4.04,16.32,2.44,-1.8,5.06
2023-06-27,4.59,19.78,2.64,-1.8,5.46
2023-06-28,3.44,18.0,2.61,-1.8,4.85
2023-06-29,5.26,18.4,2.82,-1.8,5.9
2023-06-30,5.7,16.75,1.95,-1.8,6.13
2023-07-01,3.73,17.0,2.88,-1.78,4.25
2023-07-02,3.02,17.81,3.18,-1.78,3.77
2023-07-03,3.01,16.34,2.55,-1.78,3.41
2023-07-04,3.86,16.56,1.51,-1.78,4.77
2023-07-05,4.08,16.07,2.41,-1.78,4.57
2023-07-06,3.16,16.31,1.99,-1.78,3.82
2023-07-07,7.21,16.88,2.39,-1.78,6.0
2023-07-08,8.99,15.8,3.05,-1.78,7.36
2023-07-09,4.67,17.1,1.69,-1.78,4.03
2023-07-10,3.11,17.06,2.33,-1.78,4.15
2023-07-11,4.69,16.48,2.9,-1.78,5.35
2023-07-12,3.1,15.67,2.17,-1.78,2.97
2023-07-13,3.04,16.75,2.3,-1.78,4.3
2023-07-14,2.99,15.99,3.31,-1.78,3.68
2023-07-15,9.68,16.62,2.74,-1.78,7.97
2023-07-16,4.44,17.85,3.15,-1.78,4.72
2023-07-17,4.79,14.99,2.55,-1.78,5.9
2023-07-18,3.79,19.07,3.02,-1.78,4.03
2023-07-19,3.39,16.34,3.06,-1.78,4.23
2023-07-20,3.02,16.89,3.4,-1.78,3.94
2023-07-21,3.04,15.46,1.75,-1.78,3.88
2023-07-22,3.38,17.7,2.74,-1.78,4.65
2023-07-23,5.23,16.14,2.5,-1.78,5.69
2023-07-24,8.46,15.78,2.3,-1.78,7.73
2023-07-25,7.44,15.53,2.82,-1.78,8.29
2023-07-26,2.98,15.87,2.58,-1.78,4.68
2023-07-27,6.31,16.66,3.37,-1.78,5.33
2023-07-28,2.99,16.33,2.99,-1.78,3.83
2023-07-29,4.45,16.04,3.05,-1.78,6.2
2023-07-30,4.91,15.2,1.9,-1.78,5.18
2023-07-31,3.9,15.09,2.04,-1.78,4.98
2023-08-01,2.94,15.43,2.12,-1.75,4.84
2023-08-02,6.91,16.5,3.1,-1.75,6.93
2023-08-03,13.36,16.71,2.22,-1.75,11.89
2023-08-04,5.95,16.84,2.25,-1.75,6.99
2023-08-05,6.79,15.84,2.03,-1.75,7.34
2023-08-06,5.3,16.27,3.64,-1.75,5.41
2023-08-07,2.8,15.57,2.38,-1.75,4.71
2023-08-08,7.21,13.65,2.36,-1.75,7.29
2023-08-09,2.78,15.45,1.96,-1.75,4.39
2023-08-10,2.81,15.22,2.77,-1.75,5.04
2023-08-11,5.24,14.39,1.55,-1.75,6.15
2023-08-12,3.78,14.93,1.95,-1.75,6.06
2023-08-13,3.16,15.74,2.17,-1.75,4.8
2023-08-14,5.63,14.18,2.31,-1.75,6.21
2023-08-15,3.09,14.65,1.98,-1.75,3.76
2023-08-16,2.95,17.33,3.31,-1.75,5.12
2023-08-17,2.97,13.52,2.33,-1.75,4.33
2023-08-18,6.1,15.19,2.1,-1.75,5.4
2023-08-19,4.81,13.97,2.6,-1.75,6.02
2023-08-20,7.12,14.44,2.11,-1.75,7.28
2023-08-21,3.14,15.07,2.12,-1.75,4.15
2023-08-22,5.45,14.09,2.57,-1.75,6.49
2023-08-23,2.77,15.93,1.51,-1.75,3.27
2023-08-24,3.53,16.83,2.92,-1.75,4.17
2023-08-25,4.41,16.19,2.24,-1.75,5.18
2023-08-26,8.17,16.38,2.27,-1.75,8.37
2023-08-27,3.26,13.46,2.9,-1.75,5.55
2023-08-28,6.49,14.8,2.11,-1.75,6.78
2023-08-29,3.12,15.62,2.83,-1.75,4.59
2023-08-30,2.47,16.07,2.62,-1.75,5.29
2023-08-31,2.46,17.1,2.82,-1.75,3.76
2023-09-01,2.53,16.25,2.44,-1.73,4.09
2023-09-02,6.06,16.01,2.38,-1.73,5.64
2023-09-03,4.05,18.07,3.42,-1.73,5.54
2023-09-04,2.45,15.0,2.72,-1.73,3.3
2023-09-05,2.69,14.51,2.08,-1.73,4.1
2023-09-06,13.93,15.04,1.94,-1.73,11.91
2023-09-07,2.56,13.7,1.92,-1.73,4.27
2023-09-08,2.37,14.85,2.72,-1.73,3.53
2023-09-09,2.31,12.67,2.47,-1.73,3.83
2023-09-10,4.52,14.08,2.43,-1.73,6.06
2023-09-11,2.27,14.55,1.64,-1.73,5.04
2023-09-12,3.34,15.8,2.77,-1.73,4.09
2023-09-13,3.12,15.97,3.02,-1.73,3.68
2023-09-14,8.35,13.46,2.19,-1.73,7.37
2023-09-15,7.37,17.08,3.45,-1.73,8.15
2023-09-16,2.48,14.74,1.78,-1.73,4.14
2023-09-17,2.45,14.83,2.6,-1.73,4.26
2023-09-18,2.37,12.58,1.58,-1.73,4.27
2023-09-19,7.33,13.75,2.59,-1.73,8.08
2023-09-20,8.85,15.73,2.7,-1.73,7.97
2023-09-21,2.13,14.65,3.02,-1.73,2.91
2023-09-22,5.26,14.56,2.48,-1.73,6.66
2023-09-23,2.08,14.68,2.14,-1.73,4.11
2023-09-24,2.1,12.66,1.8,-1.73,3.93
2023-09-25,3.03,14.25,2.14,-1.73,4.94
2023-09-26,5.5,16.04,2.3,-1.73,6.05
2023-09-27,6.63,15.63,2.98,-1.73,7.17
2023-09-28,2.71,14.16,2.73,-1.73,3.94
2023-09-29,2.49,16.17,1.93,-1.73,4.33
2023-09-30,3.38,12.76,2.03,-1.73,4.66
2023-10-01,2.23,13.09,2.09,-1.69,3.39
2023-10-02,1.98,16.48,2.26,-1.69,3.15
2023-10-03,3.25,14.92,2.51,-1.69,3.77
2023-10-04,4.2,13.86,2.76,-1.69,4.63
2023-10-05,2.03,14.13,2.58,-1.69,2.84
2023-10-06,4.33,13.21,2.62,-1.69,4.79
2023-10-07,6.65,14.5,1.99,-1.69,6.6
2023-10-08,1.9,14.39,2.27,-1.69,3.22
2023-10-09,2.62,14.16,1.92,-1.69,3.78
2023-10-10,2.56,12.73,2.11,-1.69,3.23
2023-10-11,6.14,14.43,2.4,-1.69,5.71
2023-10-12,8.65,13.47,2.5,-1.69,6.79
2023-10-13,1.74,12.91,2.56,-1.69,2.93
2023-10-14,1.9,15.6,2.72,-1.69,2.46
2023-10-15,2.94,16.68,2.26,-1.69,3.8
2023-10-16,4.73,16.4,2.02,-1.69,4.68
2023-10-17,2.24,14.84,2.53,-1.69,2.15
2023-10-18,16.77,13.73,2.76,-1.69,14.21
2023-10-19,1.81,13.96,2.18,-1.69,3.27
2023-10-20,1.78,14.52,1.67,-1.69,4.18
2023-10-21,1.82,13.52,2.96,-1.69,2.69
2023-10-22,3.59,15.61,2.64,-1.69,5.04
2023-10-23,1.86,11.57,1.9,-1.69,2.65
2023-10-24,2.45,13.66,1.68,-1.69,3.73
2023-10-25,1.56,14.97,2.35,-1.69,2.2
2023-10-26,1.58,12.99,2.32,-1.69,3.99
2023-10-27,1.54,13.72,2.36,-1.69,2.44
2023-10-28,1.48,14.71,2.04,-1.69,2.97
2023-10-29,2.57,15.82,2.45,-1.69,3.32
2023-10-30,4.73,12.45,1.72,-1.69,4.79
2023-10-31,1.52,12.36,2.62,-1.69,2.59
2023-11-01,1.51,12.87,2.39,-1.95,3.01
2023-11-02,1.64,12.16,1.71,-1.95,2.92
2023-11-03,1.88,12.24,1.47,-1.95,2.87
2023-11-04,3.42,12.84,2.14,-1.95,3.88
2023-11-05,1.73,15.49,2.23,-1.95,3.34
2023-11-06,3.37,13.64,1.98,-1.95,3.38
2023-11-07,2.4,14.05,1.75,-1.95,2.06
2023-11-08,1.41,12.87,1.63,-1.95,1.75
2023-11-09,2.36,14.79,2.38,-1.95,2.15
2023-11-10,3.69,16.28,2.44,-1.95,3.12
2023-11-11,16.06,12.97,3.04,-1.95,11.78
2023-11-12,1.3,16.11,2.75,-1.95,2.24
2023-11-13,2.82,14.49,1.81,-1.95,3.65
2023-11-14,1.39,14.08,1.6,-1.95,2.68
2023-11-15,1.73,14.55,2.44,-1.95,2.08
2023-11-16,5.65,14.55,2.12,-1.95,5.8
2023-11-17,2.34,16.32,3.08,-1.95,2.94
2023-11-18,2.5,14.72,2.42,-1.95,3.75
2023-11-19,3.08,14.76,1.52,-1.95,4.09
2023-11-20,30.81,13.61,1.73,-1.95,23.26
2023-11-21,1.88,15.14,2.1,-1.95,4.24
2023-11-22,1.77,13.0,2.23,-1.95,3.51
2023-11-23,7.43,14.29,1.82,-1.95,7.88
2023-11-24,3.15,17.63,2.81,-1.95,4.54
2023-11-25,2.89,11.18,1.24,-1.95,4.44
2023-11-26,1.32,14.48,2.27,-1.95,3.03
2023-11-27,11.46,14.54,2.43,-1.95,10.0
2023-11-28,1.64,13.96,2.78,-1.95,2.75
2023-11-29,1.92,14.0,2.3,-1.95,2.36
2023-11-30,5.72,14.37,1.93,-1.95,5.85
2023-12-01,1.38,13.98,2.79,-1.92,2.95
2023-12-02,2.97,14.57,2.21,-1.92,4.61
2023-12-03,3.89,13.73,2.47,-1.92,4.99
2023-12-04,1.35,16.76,2.37,-1.92,2.66
2023-12-05,5.8,14.05,2.24,-1.92,5.58
2023-12-06,2.19,15.06,2.04,-1.92,3.39
2023-12-07,4.98,13.59,2.27,-1.92,4.84
2023-12-08,4.38,15.54,2.75,-1.92,3.7
2023-12-09,1.77,15.32,2.2,-1.92,2.32
2023-12-10,1.06,14.96,2.12,-1.92,3.23
2023-12-11,2.88,13.25,2.23,-1.92,4.62
2023-12-12,1.04,13.6,1.81,-1.92,2.87
2023-12-13,1.51,16.55,1.98,-1.92,2.66
2023-12-14,6.51,13.64,2.29,-1.92,5.37
2023-12-15,3.49,15.35,2.36,-1.92,3.91
2023-12-16,2.22,13.47,2.07,-1.92,3.48
2023-12-17,1.38,15.84,2.68,-1.92,2.72
2023-12-18,1.01,13.83,2.44,-1.92,2.53
2023-12-19,3.21,13.52,2.06,-1.92,4.26
2023-12-20,1.13,13.85,1.73,-1.92,3.25
2023-12-21,1.56,14.06,1.95,-1.92,2.24
2023-12-22,1.05,15.24,2.62,-1.92,3.36
2023-12-23,8.26,14.87,2.38,-1.92,5.91
2023-12-24,4.84,13.5,1.9,-1.92,4.44
2023-12-25,3.41,14.8,2.01,-1.92,3.93
2023-12-26,1.71,13.49,2.37,-1.92,2.76
2023-12-27,1.67,15.67,2.36,-1.92,2.31
2023-12-28,1.37,15.92,2.79,-1.92,1.74
2023-12-29,6.15,14.92,2.69,-1.92,6.43
2023-12-30,2.63,15.31,2.27,-1.92,2.79
2023-12-31,2.98,17.11,3.05,-1.92,2.51
